Period\Unit:,[US dollar ]
30/11/2021,1.1363
29/11/2021,1.1276
26/11/2021,1.1291
25/11/2021,1.1223
24/11/2021,1.1206
23/11/2021,1.1259
22/11/2021,1.1278
19/11/2021,1.1271
18/11/2021,1.1345
17/11/2021,1.1316
16/11/2021,1.1368
15/11/2021,1.1444
12/11/2021,1.1448
11/11/2021,1.146
10/11/2021,1.1558
9/11/2021,1.1577
8/11/2021,1.1579
5/11/2021,1.1519
4/11/2021,1.1569
3/11/2021,1.1578
2/11/2021,1.1603
1/11/2021,1.1578
29/10/2021,1.1645
28/10/2021,1.1593
27/10/2021,1.1617
26/10/2021,1.1618
25/10/2021,1.1603
22/10/2021,1.163
21/10/2021,1.1637
20/10/2021,1.1623
19/10/2021,1.1655
18/10/2021,1.1604
15/10/2021,1.1602
14/10/2021,1.1602
13/10/2021,1.1562
12/10/2021,1.1555
11/10/2021,1.1574
8/10/2021,1.1569
7/10/2021,1.1562
6/10/2021,1.1542
5/10/2021,1.1602
4/10/2021,1.1636
1/10/2021,1.16
30/9/2021,1.1579
29/9/2021,1.1654
28/9/2021,1.1678
27/9/2021,1.1698
24/9/2021,1.1719
23/9/2021,1.1715
22/9/2021,1.1729
21/9/2021,1.1738
20/9/2021,1.1711
17/9/2021,1.178
16/9/2021,1.1763
15/9/2021,1.1824
14/9/2021,1.1814
13/9/2021,1.178
10/9/2021,1.1841
9/9/2021,1.1838
8/9/2021,1.1827
7/9/2021,1.186
6/9/2021,1.1864
3/9/2021,1.1872
2/9/2021,1.1846
1/9/2021,1.1817
31/8/2021,1.1834
30/8/2021,1.1801
27/8/2021,1.1761
26/8/2021,1.1767
25/8/2021,1.1736
24/8/2021,1.174
23/8/2021,1.1718
20/8/2021,1.1671
19/8/2021,1.1696
18/8/2021,1.1723
17/8/2021,1.1767
16/8/2021,1.1772
13/8/2021,1.1765
12/8/2021,1.1739
11/8/2021,1.1718
10/8/2021,1.1722
9/8/2021,1.1761
6/8/2021,1.1807
5/8/2021,1.185
4/8/2021,1.1861
3/8/2021,1.1885
2/8/2021,1.1886
30/7/2021,1.1891
29/7/2021,1.1873
28/7/2021,1.1807
27/7/2021,1.181
26/7/2021,1.1787
23/7/2021,1.1767
22/7/2021,1.1775
21/7/2021,1.1772
20/7/2021,1.1775
19/7/2021,1.1766
16/7/2021,1.1802
15/7/2021,1.1809
14/7/2021,1.1812
13/7/2021,1.1844
12/7/2021,1.1852
9/7/2021,1.1858
8/7/2021,1.1838
7/7/2021,1.1831
6/7/2021,1.1838
5/7/2021,1.1866
2/7/2021,1.1823
1/7/2021,1.1884
30/6/2021,1.1884
29/6/2021,1.1888
28/6/2021,1.191
25/6/2021,1.195
24/6/2021,1.1936
23/6/2021,1.1951
22/6/2021,1.1894
21/6/2021,1.1891
18/6/2021,1.1898
17/6/2021,1.1937
16/6/2021,1.2124
15/6/2021,1.2108
14/6/2021,1.2112
11/6/2021,1.2125
10/6/2021,1.2174
9/6/2021,1.2195
8/6/2021,1.2182
7/6/2021,1.2162
4/6/2021,1.2117
3/6/2021,1.2187
2/6/2021,1.2186
1/6/2021,1.2225
31/5/2021,1.2201
28/5/2021,1.2142
27/5/2021,1.2198
26/5/2021,1.2229
25/5/2021,1.2264
24/5/2021,1.2212
21/5/2021,1.2188
20/5/2021,1.2203
19/5/2021,1.2212
18/5/2021,1.2222
17/5/2021,1.2143
14/5/2021,1.2123
13/5/2021,1.2081
12/5/2021,1.2118
11/5/2021,1.217
10/5/2021,1.2169
7/5/2021,1.2059
6/5/2021,1.206
5/5/2021,1.2005
4/5/2021,1.2021
3/5/2021,1.2044
30/4/2021,1.2082
29/4/2021,1.2129
28/4/2021,1.207
27/4/2021,1.2088
26/4/2021,1.2085
23/4/2021,1.2066
22/4/2021,1.2046
21/4/2021,1.2007
20/4/2021,1.2051
19/4/2021,1.2035
16/4/2021,1.1986
15/4/2021,1.197
14/4/2021,1.1964
13/4/2021,1.1896
12/4/2021,1.1904
9/4/2021,1.1888
8/4/2021,1.1873
7/4/2021,1.1884
6/4/2021,1.1812
1/4/2021,1.1746
31/3/2021,1.1725
30/3/2021,1.1741
29/3/2021,1.1784
26/3/2021,1.1782
25/3/2021,1.1802
24/3/2021,1.1825
23/3/2021,1.1883
22/3/2021,1.1926
19/3/2021,1.1891
18/3/2021,1.1912
17/3/2021,1.1907
16/3/2021,1.1926
15/3/2021,1.192
12/3/2021,1.1933
11/3/2021,1.1969
10/3/2021,1.1892
9/3/2021,1.1894
8/3/2021,1.1866
5/3/2021,1.1938
4/3/2021,1.2034
3/3/2021,1.2048
2/3/2021,1.2028
1/3/2021,1.2053
26/2/2021,1.2121
25/2/2021,1.2225
24/2/2021,1.2146
23/2/2021,1.2143
22/2/2021,1.2133
19/2/2021,1.2139
18/2/2021,1.2084
17/2/2021,1.206
16/2/2021,1.2143
15/2/2021,1.2129
12/2/2021,1.2108
11/2/2021,1.2147
10/2/2021,1.2127
9/2/2021,1.2104
8/2/2021,1.2025
5/2/2021,1.1983
4/2/2021,1.1996
3/2/2021,1.2017
2/2/2021,1.2044
1/2/2021,1.2084
29/1/2021,1.2136
28/1/2021,1.2091
27/1/2021,1.2114
26/1/2021,1.2143
25/1/2021,1.2152
22/1/2021,1.2158
21/1/2021,1.2158
20/1/2021,1.2101
19/1/2021,1.2132
18/1/2021,1.2064
15/1/2021,1.2123
14/1/2021,1.2124
13/1/2021,1.2166
12/1/2021,1.2161
11/1/2021,1.2163
8/1/2021,1.225
7/1/2021,1.2276
6/1/2021,1.2338
5/1/2021,1.2271
4/1/2021,1.2296
31/12/2020,1.2271
30/12/2020,1.2281
29/12/2020,1.2259
28/12/2020,1.2219
24/12/2020,1.2193
23/12/2020,1.2166
22/12/2020,1.2239
21/12/2020,1.2173
18/12/2020,1.2259
17/12/2020,1.2246
16/12/2020,1.2189
15/12/2020,1.214
14/12/2020,1.2162
11/12/2020,1.2127
10/12/2020,1.2115
9/12/2020,1.2109
8/12/2020,1.2114
7/12/2020,1.2128
4/12/2020,1.2159
3/12/2020,1.2151
2/12/2020,1.2066
1/12/2020,1.1968
30/11/2020,1.198
27/11/2020,1.1922
26/11/2020,1.19
25/11/2020,1.189
24/11/2020,1.1865
23/11/2020,1.1901
20/11/2020,1.1863
19/11/2020,1.1832
18/11/2020,1.1868
17/11/2020,1.1882
16/11/2020,1.183
13/11/2020,1.1815
12/11/2020,1.1791
11/11/2020,1.1766
10/11/2020,1.1808
9/11/2020,1.1883
6/11/2020,1.187
5/11/2020,1.1855
4/11/2020,1.1721
3/11/2020,1.1702
2/11/2020,1.1652
30/10/2020,1.1698
29/10/2020,1.1704
28/10/2020,1.1727
27/10/2020,1.1832
26/10/2020,1.1819
23/10/2020,1.1856
22/10/2020,1.1821
21/10/2020,1.1852
20/10/2020,1.181
19/10/2020,1.1785
16/10/2020,1.1741
15/10/2020,1.1698
14/10/2020,1.175
13/10/2020,1.1787
12/10/2020,1.1799
9/10/2020,1.1795
8/10/2020,1.1765
7/10/2020,1.177
6/10/2020,1.1795
5/10/2020,1.1768
2/10/2020,1.173
1/10/2020,1.1752
30/9/2020,1.1708
29/9/2020,1.1702
28/9/2020,1.167
25/9/2020,1.1634
24/9/2020,1.1645
23/9/2020,1.1692
22/9/2020,1.174
21/9/2020,1.1787
18/9/2020,1.1833
17/9/2020,1.1797
16/9/2020,1.1869
15/9/2020,1.1892
14/9/2020,1.1876
11/9/2020,1.1854
10/9/2020,1.1849
9/9/2020,1.1773
8/9/2020,1.1785
7/9/2020,1.1824
4/9/2020,1.1842
3/9/2020,1.1813
2/9/2020,1.1861
1/9/2020,1.1987
31/8/2020,1.194
28/8/2020,1.1915
27/8/2020,1.1806
26/8/2020,1.1789
25/8/2020,1.1814
24/8/2020,1.1847
21/8/2020,1.1769
20/8/2020,1.185
19/8/2020,1.1933
18/8/2020,1.1906
17/8/2020,1.1853
14/8/2020,1.1813
13/8/2020,1.1833
12/8/2020,1.1771
11/8/2020,1.1783
10/8/2020,1.1763
7/8/2020,1.1817
6/8/2020,1.1843
5/8/2020,1.1854
4/8/2020,1.1765
3/8/2020,1.1726
31/7/2020,1.1848
30/7/2020,1.1743
29/7/2020,1.1725
28/7/2020,1.1717
27/7/2020,1.176
24/7/2020,1.1608
23/7/2020,1.1569
22/7/2020,1.1578
21/7/2020,1.1443
20/7/2020,1.1448
17/7/2020,1.1428
16/7/2020,1.1414
15/7/2020,1.1444
14/7/2020,1.1375
13/7/2020,1.1329
10/7/2020,1.1276
9/7/2020,1.1342
8/7/2020,1.1286
7/7/2020,1.129
6/7/2020,1.1325
3/7/2020,1.1224
2/7/2020,1.1286
1/7/2020,1.12
30/6/2020,1.1198
29/6/2020,1.1284
26/6/2020,1.1213
25/6/2020,1.12
24/6/2020,1.128
23/6/2020,1.1318
22/6/2020,1.1213
19/6/2020,1.121
18/6/2020,1.1222
17/6/2020,1.1232
16/6/2020,1.1308
15/6/2020,1.1253
12/6/2020,1.1304
11/6/2020,1.1348
10/6/2020,1.1375
9/6/2020,1.1294
8/6/2020,1.1285
5/6/2020,1.133
4/6/2020,1.125
3/6/2020,1.1194
2/6/2020,1.1174
1/6/2020,1.1116
29/5/2020,1.1136
28/5/2020,1.1016
27/5/2020,1.0991
26/5/2020,1.0975
25/5/2020,1.091
22/5/2020,1.0904
21/5/2020,1.1
20/5/2020,1.0958
19/5/2020,1.095
18/5/2020,1.0832
15/5/2020,1.0798
14/5/2020,1.0792
13/5/2020,1.0875
12/5/2020,1.0858
11/5/2020,1.0824
8/5/2020,1.0843
7/5/2020,1.0783
6/5/2020,1.0807
5/5/2020,1.0843
4/5/2020,1.0942
30/4/2020,1.0876
29/4/2020,1.0842
28/4/2020,1.0877
27/4/2020,1.0852
24/4/2020,1.08
23/4/2020,1.0772
22/4/2020,1.0867
21/4/2020,1.0837
20/4/2020,1.086
17/4/2020,1.086
16/4/2020,1.0888
15/4/2020,1.0903
14/4/2020,1.0963
9/4/2020,1.0867
8/4/2020,1.0871
7/4/2020,1.0885
6/4/2020,1.0791
3/4/2020,1.0785
2/4/2020,1.0906
1/4/2020,1.0936
31/3/2020,1.0956
30/3/2020,1.1034
27/3/2020,1.0977
26/3/2020,1.0981
25/3/2020,1.0827
24/3/2020,1.0843
23/3/2020,1.0783
20/3/2020,1.0707
19/3/2020,1.0801
18/3/2020,1.0934
17/3/2020,1.0982
16/3/2020,1.1157
13/3/2020,1.1104
12/3/2020,1.124
11/3/2020,1.1336
10/3/2020,1.139
9/3/2020,1.1456
6/3/2020,1.1336
5/3/2020,1.1187
4/3/2020,1.1125
3/3/2020,1.1117
2/3/2020,1.1122
28/2/2020,1.0977
27/2/2020,1.0964
26/2/2020,1.0875
25/2/2020,1.084
24/2/2020,1.0818
21/2/2020,1.0801
20/2/2020,1.079
19/2/2020,1.08
18/2/2020,1.0816
17/2/2020,1.0835
14/2/2020,1.0842
13/2/2020,1.0867
12/2/2020,1.0914
11/2/2020,1.0901
10/2/2020,1.0951
7/2/2020,1.0969
6/2/2020,1.1003
5/2/2020,1.1023
4/2/2020,1.1048
3/2/2020,1.1066
31/1/2020,1.1052
30/1/2020,1.1029
29/1/2020,1.1001
28/1/2020,1.1005
27/1/2020,1.1025
24/1/2020,1.1035
23/1/2020,1.1091
22/1/2020,1.1088
21/1/2020,1.1115
20/1/2020,1.1085
17/1/2020,1.1108
16/1/2020,1.1169
15/1/2020,1.1142
14/1/2020,1.1115
13/1/2020,1.1126
10/1/2020,1.1091
9/1/2020,1.111
8/1/2020,1.1115
7/1/2020,1.1172
6/1/2020,1.1194
3/1/2020,1.1147
2/1/2020,1.1193
31/12/2019,1.1234
30/12/2019,1.1189
27/12/2019,1.1153
24/12/2019,1.108
23/12/2019,1.1075
20/12/2019,1.1097
19/12/2019,1.1117
18/12/2019,1.1115
17/12/2019,1.1162
16/12/2019,1.1146
13/12/2019,1.1174
12/12/2019,1.1137
11/12/2019,1.1075
10/12/2019,1.1077
9/12/2019,1.1075
6/12/2019,1.1094
5/12/2019,1.1094
4/12/2019,1.1081
3/12/2019,1.1071
2/12/2019,1.1023
29/11/2019,1.0982
28/11/2019,1.1005
27/11/2019,1.1009
26/11/2019,1.102
25/11/2019,1.1008
22/11/2019,1.1058
21/11/2019,1.1091
20/11/2019,1.1059
19/11/2019,1.1077
18/11/2019,1.1061
15/11/2019,1.1034
14/11/2019,1.0997
13/11/2019,1.1006
12/11/2019,1.1015
11/11/2019,1.1041
8/11/2019,1.1034
7/11/2019,1.1077
6/11/2019,1.109
5/11/2019,1.1109
4/11/2019,1.1158
1/11/2019,1.1139
31/10/2019,1.1154
30/10/2019,1.1106
29/10/2019,1.1095
28/10/2019,1.1087
25/10/2019,1.1107
24/10/2019,1.1128
23/10/2019,1.1123
22/10/2019,1.113
21/10/2019,1.1173
18/10/2019,1.1144
17/10/2019,1.1113
16/10/2019,1.1025
15/10/2019,1.1007
14/10/2019,1.1031
11/10/2019,1.1043
10/10/2019,1.103
9/10/2019,1.0981
8/10/2019,1.0986
7/10/2019,1.0993
4/10/2019,1.0979
3/10/2019,1.0951
2/10/2019,1.0925
1/10/2019,1.0898
30/9/2019,1.0889
27/9/2019,1.0935
26/9/2019,1.0938
25/9/2019,1.0982
24/9/2019,1.1003
23/9/2019,1.0985
20/9/2019,1.103
19/9/2019,1.1067
18/9/2019,1.1053
17/9/2019,1.1026
16/9/2019,1.1031
13/9/2019,1.1096
12/9/2019,1.0963
11/9/2019,1.1003
10/9/2019,1.104
9/9/2019,1.1033
6/9/2019,1.1027
5/9/2019,1.1058
4/9/2019,1.1018
3/9/2019,1.0937
2/9/2019,1.0968
30/8/2019,1.1036
29/8/2019,1.1072
28/8/2019,1.1083
27/8/2019,1.1104
26/8/2019,1.1116
23/8/2019,1.1065
22/8/2019,1.1083
21/8/2019,1.1104
20/8/2019,1.1076
19/8/2019,1.1103
16/8/2019,1.1076
15/8/2019,1.115
14/8/2019,1.1188
13/8/2019,1.1222
12/8/2019,1.1194
9/8/2019,1.1198
8/8/2019,1.1193
7/8/2019,1.1202
6/8/2019,1.1187
5/8/2019,1.1182
2/8/2019,1.1106
1/8/2019,1.1037
31/7/2019,1.1151
30/7/2019,1.1154
29/7/2019,1.1119
26/7/2019,1.1138
25/7/2019,1.1115
24/7/2019,1.114
23/7/2019,1.1173
22/7/2019,1.1215
19/7/2019,1.1226
18/7/2019,1.1216
17/7/2019,1.1215
16/7/2019,1.1223
15/7/2019,1.1269
12/7/2019,1.1253
11/7/2019,1.1285
10/7/2019,1.122
9/7/2019,1.1205
8/7/2019,1.1215
5/7/2019,1.126
4/7/2019,1.1288
3/7/2019,1.1293
2/7/2019,1.1301
1/7/2019,1.1349
28/6/2019,1.138
27/6/2019,1.137
26/6/2019,1.1362
25/6/2019,1.1388
24/6/2019,1.1394
21/6/2019,1.1316
20/6/2019,1.1307
19/6/2019,1.1207
18/6/2019,1.1187
17/6/2019,1.1234
14/6/2019,1.1265
13/6/2019,1.1289
12/6/2019,1.1323
11/6/2019,1.132
10/6/2019,1.1301
7/6/2019,1.1273
6/6/2019,1.1266
5/6/2019,1.1257
4/6/2019,1.1244
3/6/2019,1.1185
31/5/2019,1.1151
30/5/2019,1.1134
29/5/2019,1.1156
28/5/2019,1.1192
27/5/2019,1.1198
24/5/2019,1.1187
23/5/2019,1.1139
22/5/2019,1.1171
21/5/2019,1.1161
20/5/2019,1.1167
17/5/2019,1.1172
16/5/2019,1.1203
15/5/2019,1.1183
14/5/2019,1.1226
13/5/2019,1.1245
10/5/2019,1.123
9/5/2019,1.1193
8/5/2019,1.1202
7/5/2019,1.1185
6/5/2019,1.1199
3/5/2019,1.1155
2/5/2019,1.1212
30/4/2019,1.1218
29/4/2019,1.115
26/4/2019,1.1133
25/4/2019,1.1123
24/4/2019,1.1209
23/4/2019,1.1245
18/4/2019,1.125
17/4/2019,1.1301
16/4/2019,1.1305
15/4/2019,1.1313
12/4/2019,1.1321
11/4/2019,1.1264
10/4/2019,1.1279
9/4/2019,1.1277
8/4/2019,1.1246
5/4/2019,1.1233
4/4/2019,1.1219
3/4/2019,1.1243
2/4/2019,1.12
1/4/2019,1.1236
29/3/2019,1.1235
28/3/2019,1.1218
27/3/2019,1.1261
26/3/2019,1.1291
25/3/2019,1.1325
22/3/2019,1.1302
21/3/2019,1.1387
20/3/2019,1.1354
19/3/2019,1.1358
18/3/2019,1.1349
15/3/2019,1.1308
14/3/2019,1.1295
13/3/2019,1.1303
12/3/2019,1.1275
11/3/2019,1.1244
8/3/2019,1.1222
7/3/2019,1.1271
6/3/2019,1.1305
5/3/2019,1.1329
4/3/2019,1.1337
1/3/2019,1.1383
28/2/2019,1.1416
27/2/2019,1.1386
26/2/2019,1.1361
25/2/2019,1.1355
22/2/2019,1.1325
21/2/2019,1.1354
20/2/2019,1.1342
19/2/2019,1.1294
18/2/2019,1.1328
15/2/2019,1.126
14/2/2019,1.1268
13/2/2019,1.1305
12/2/2019,1.1296
11/2/2019,1.1309
8/2/2019,1.1346
7/2/2019,1.1345
6/2/2019,1.1394
5/2/2019,1.1423
4/2/2019,1.1445
1/2/2019,1.1471
31/1/2019,1.1488
30/1/2019,1.1429
29/1/2019,1.1422
28/1/2019,1.1418
25/1/2019,1.1346
24/1/2019,1.1341
23/1/2019,1.1367
22/1/2019,1.1354
21/1/2019,1.1362
18/1/2019,1.1402
17/1/2019,1.1396
16/1/2019,1.1389
15/1/2019,1.1424
14/1/2019,1.1467
11/1/2019,1.1533
10/1/2019,1.1535
9/1/2019,1.1455
8/1/2019,1.144
7/1/2019,1.1445
4/1/2019,1.1403
3/1/2019,1.1348
2/1/2019,1.1397
31/12/2018,1.145
28/12/2018,1.1454
27/12/2018,1.1377
24/12/2018,1.1408
21/12/2018,1.1414
20/12/2018,1.1451
19/12/2018,1.1405
18/12/2018,1.1377
17/12/2018,1.1341
14/12/2018,1.1285
13/12/2018,1.1371
12/12/2018,1.1346
11/12/2018,1.1379
10/12/2018,1.1425
7/12/2018,1.1371
6/12/2018,1.1351
5/12/2018,1.1354
4/12/2018,1.1409
3/12/2018,1.1332
30/11/2018,1.1359
29/11/2018,1.1387
28/11/2018,1.1284
27/11/2018,1.1328
26/11/2018,1.1363
23/11/2018,1.1352
22/11/2018,1.1403
21/11/2018,1.1409
20/11/2018,1.1421
19/11/2018,1.1427
16/11/2018,1.1346
15/11/2018,1.1305
14/11/2018,1.1296
13/11/2018,1.1261
12/11/2018,1.1265
9/11/2018,1.1346
8/11/2018,1.1424
7/11/2018,1.1487
6/11/2018,1.1428
5/11/2018,1.137
2/11/2018,1.1417
1/11/2018,1.1393
31/10/2018,1.1318
30/10/2018,1.1372
29/10/2018,1.1381
26/10/2018,1.1345
25/10/2018,1.1416
24/10/2018,1.1389
23/10/2018,1.1478
22/10/2018,1.1494
19/10/2018,1.147
18/10/2018,1.1505
17/10/2018,1.153
16/10/2018,1.1587
15/10/2018,1.1581
12/10/2018,1.1574
11/10/2018,1.1575
10/10/2018,1.15
9/10/2018,1.1435
8/10/2018,1.1478
5/10/2018,1.1506
4/10/2018,1.1502
3/10/2018,1.1548
2/10/2018,1.1543
1/10/2018,1.1606
28/9/2018,1.1576
27/9/2018,1.1707
26/9/2018,1.1737
25/9/2018,1.1777
24/9/2018,1.1773
21/9/2018,1.1759
20/9/2018,1.1769
19/9/2018,1.1667
18/9/2018,1.1697
17/9/2018,1.1671
14/9/2018,1.1689
13/9/2018,1.162
12/9/2018,1.1585
11/9/2018,1.1574
10/9/2018,1.1571
7/9/2018,1.1615
6/9/2018,1.1634
5/9/2018,1.1582
4/9/2018,1.1562
3/9/2018,1.1609
31/8/2018,1.1651
30/8/2018,1.1692
29/8/2018,1.166
28/8/2018,1.171
27/8/2018,1.1633
24/8/2018,1.1588
23/8/2018,1.1579
22/8/2018,1.1616
21/8/2018,1.1502
20/8/2018,1.142
17/8/2018,1.1391
16/8/2018,1.137
15/8/2018,1.1321
14/8/2018,1.1406
13/8/2018,1.1403
10/8/2018,1.1456
9/8/2018,1.1593
8/8/2018,1.1589
7/8/2018,1.1602
6/8/2018,1.1543
3/8/2018,1.1588
2/8/2018,1.1617
1/8/2018,1.1696
31/7/2018,1.1736
30/7/2018,1.1684
27/7/2018,1.1625
26/7/2018,1.1716
25/7/2018,1.169
24/7/2018,1.1706
23/7/2018,1.1716
20/7/2018,1.167
19/7/2018,1.1588
18/7/2018,1.1611
17/7/2018,1.1707
16/7/2018,1.172
13/7/2018,1.1643
12/7/2018,1.1658
11/7/2018,1.1735
10/7/2018,1.1713
9/7/2018,1.1789
6/7/2018,1.1724
5/7/2018,1.1709
4/7/2018,1.1642
3/7/2018,1.1665
2/7/2018,1.1639
29/6/2018,1.1658
28/6/2018,1.1583
27/6/2018,1.1616
26/6/2018,1.1672
25/6/2018,1.17
22/6/2018,1.1648
21/6/2018,1.1538
20/6/2018,1.1578
19/6/2018,1.1534
18/6/2018,1.1613
15/6/2018,1.1596
14/6/2018,1.173
13/6/2018,1.1764
12/6/2018,1.1788
11/6/2018,1.179
8/6/2018,1.1754
7/6/2018,1.1836
6/6/2018,1.1765
5/6/2018,1.1675
4/6/2018,1.1737
1/6/2018,1.1669
31/5/2018,1.1699
30/5/2018,1.1632
29/5/2018,1.1558
28/5/2018,1.1644
25/5/2018,1.1675
24/5/2018,1.1728
23/5/2018,1.1708
22/5/2018,1.1794
21/5/2018,1.1759
18/5/2018,1.1781
17/5/2018,1.1805
16/5/2018,1.1784
15/5/2018,1.1883
14/5/2018,1.1988
11/5/2018,1.1934
10/5/2018,1.1878
9/5/2018,1.1879
8/5/2018,1.187
7/5/2018,1.1902
4/5/2018,1.1969
3/5/2018,1.1992
2/5/2018,1.2007
30/4/2018,1.2079
27/4/2018,1.207
26/4/2018,1.2168
25/4/2018,1.2185
24/4/2018,1.2213
23/4/2018,1.2238
20/4/2018,1.2309
19/4/2018,1.2382
18/4/2018,1.2388
17/4/2018,1.2357
16/4/2018,1.237
13/4/2018,1.2317
12/4/2018,1.2323
11/4/2018,1.2384
10/4/2018,1.2361
9/4/2018,1.2304
6/4/2018,1.2234
5/4/2018,1.226
4/4/2018,1.2276
3/4/2018,1.2308
29/3/2018,1.2321
28/3/2018,1.2398
27/3/2018,1.2376
26/3/2018,1.2411
23/3/2018,1.2346
22/3/2018,1.2316
21/3/2018,1.2286
20/3/2018,1.2276
19/3/2018,1.2309
16/3/2018,1.2301
15/3/2018,1.2341
14/3/2018,1.2369
13/3/2018,1.2378
12/3/2018,1.2302
9/3/2018,1.2291
8/3/2018,1.2421
7/3/2018,1.2417
6/3/2018,1.2411
5/3/2018,1.2307
2/3/2018,1.2312
1/3/2018,1.2171
28/2/2018,1.2214
27/2/2018,1.2301
26/2/2018,1.232
23/2/2018,1.2299
22/2/2018,1.2276
21/2/2018,1.2312
20/2/2018,1.234
19/2/2018,1.241
16/2/2018,1.2464
15/2/2018,1.2493
14/2/2018,1.2348
13/2/2018,1.2333
12/2/2018,1.2263
9/2/2018,1.2273
8/2/2018,1.2252
7/2/2018,1.2338
6/2/2018,1.2329
5/2/2018,1.244
2/2/2018,1.2492
1/2/2018,1.2459
31/1/2018,1.2457
30/1/2018,1.2421
29/1/2018,1.2379
26/1/2018,1.2436
25/1/2018,1.2407
24/1/2018,1.2352
23/1/2018,1.2249
22/1/2018,1.2239
19/1/2018,1.2255
18/1/2018,1.2235
17/1/2018,1.2203
16/1/2018,1.223
15/1/2018,1.2277
12/1/2018,1.2137
11/1/2018,1.2017
10/1/2018,1.1992
9/1/2018,1.1932
8/1/2018,1.1973
5/1/2018,1.2045
4/1/2018,1.2065
3/1/2018,1.2023
2/1/2018,1.2065
29/12/2017,1.1993
28/12/2017,1.1934
27/12/2017,1.1895
22/12/2017,1.1853
21/12/2017,1.1859
20/12/2017,1.1845
19/12/2017,1.1823
18/12/2017,1.1795
15/12/2017,1.1806
14/12/2017,1.1845
13/12/2017,1.1736
12/12/2017,1.1766
11/12/2017,1.1796
8/12/2017,1.1742
7/12/2017,1.1786
6/12/2017,1.1817
5/12/2017,1.1847
4/12/2017,1.1865
1/12/2017,1.1885
30/11/2017,1.1849
29/11/2017,1.1827
28/11/2017,1.1888
27/11/2017,1.1952
24/11/2017,1.1877
23/11/2017,1.1848
22/11/2017,1.1749
21/11/2017,1.1718
20/11/2017,1.1781
17/11/2017,1.1795
16/11/2017,1.1771
15/11/2017,1.184
14/11/2017,1.1745
13/11/2017,1.1656
10/11/2017,1.1654
9/11/2017,1.163
8/11/2017,1.159
7/11/2017,1.1562
6/11/2017,1.159
3/11/2017,1.1657
2/11/2017,1.1645
1/11/2017,1.1612
31/10/2017,1.1638
30/10/2017,1.1612
27/10/2017,1.1605
26/10/2017,1.1753
25/10/2017,1.1785
24/10/2017,1.1761
23/10/2017,1.174
20/10/2017,1.1818
19/10/2017,1.1834
18/10/2017,1.1749
17/10/2017,1.1759
16/10/2017,1.1803
13/10/2017,1.181
12/10/2017,1.1856
11/10/2017,1.183
10/10/2017,1.1797
9/10/2017,1.1746
6/10/2017,1.1707
5/10/2017,1.1742
4/10/2017,1.1787
3/10/2017,1.1753
2/10/2017,1.1744
29/9/2017,1.1806
28/9/2017,1.1778
27/9/2017,1.1741
26/9/2017,1.1787
25/9/2017,1.1867
22/9/2017,1.1961
21/9/2017,1.1905
20/9/2017,1.2007
19/9/2017,1.1972
18/9/2017,1.1948
15/9/2017,1.1963
14/9/2017,1.1885
13/9/2017,1.1979
12/9/2017,1.1933
11/9/2017,1.1997
8/9/2017,1.206
7/9/2017,1.1971
6/9/2017,1.1931
5/9/2017,1.189
4/9/2017,1.1905
1/9/2017,1.192
31/8/2017,1.1825
30/8/2017,1.1916
29/8/2017,1.2048
28/8/2017,1.1925
25/8/2017,1.1808
24/8/2017,1.1806
23/8/2017,1.1799
22/8/2017,1.1771
21/8/2017,1.1761
18/8/2017,1.174
17/8/2017,1.1697
16/8/2017,1.171
15/8/2017,1.1744
14/8/2017,1.1797
11/8/2017,1.1765
10/8/2017,1.1732
9/8/2017,1.1731
8/8/2017,1.1814
7/8/2017,1.1797
4/8/2017,1.1868
3/8/2017,1.186
2/8/2017,1.1829
1/8/2017,1.1812
31/7/2017,1.1727
28/7/2017,1.1729
27/7/2017,1.1694
26/7/2017,1.1644
25/7/2017,1.1694
24/7/2017,1.1648
21/7/2017,1.1642
20/7/2017,1.1485
19/7/2017,1.1533
18/7/2017,1.1555
17/7/2017,1.1462
14/7/2017,1.1415
13/7/2017,1.1417
12/7/2017,1.1449
11/7/2017,1.1405
10/7/2017,1.1387
7/7/2017,1.1412
6/7/2017,1.1385
5/7/2017,1.1329
4/7/2017,1.1353
3/7/2017,1.1369
30/6/2017,1.1412
29/6/2017,1.1413
28/6/2017,1.1375
27/6/2017,1.1278
26/6/2017,1.1187
23/6/2017,1.1173
22/6/2017,1.1169
21/6/2017,1.1147
20/6/2017,1.1156
19/6/2017,1.1199
16/6/2017,1.1167
15/6/2017,1.1166
14/6/2017,1.1203
13/6/2017,1.1217
12/6/2017,1.1221
9/6/2017,1.1176
8/6/2017,1.1229
7/6/2017,1.1217
6/6/2017,1.1258
5/6/2017,1.1249
2/6/2017,1.1217
1/6/2017,1.1219
31/5/2017,1.1221
30/5/2017,1.1173
29/5/2017,1.1188
26/5/2017,1.1196
25/5/2017,1.1214
24/5/2017,1.1193
23/5/2017,1.1215
22/5/2017,1.1243
19/5/2017,1.1179
18/5/2017,1.1129
17/5/2017,1.1117
16/5/2017,1.1059
15/5/2017,1.0972
12/5/2017,1.0876
11/5/2017,1.086
10/5/2017,1.0882
9/5/2017,1.0888
8/5/2017,1.0938
5/5/2017,1.0961
4/5/2017,1.0927
3/5/2017,1.0919
2/5/2017,1.0915
28/4/2017,1.093
27/4/2017,1.0881
26/4/2017,1.0893
25/4/2017,1.0891
24/4/2017,1.0848
21/4/2017,1.0698
20/4/2017,1.0745
19/4/2017,1.0725
18/4/2017,1.0682
13/4/2017,1.063
12/4/2017,1.0605
11/4/2017,1.0616
10/4/2017,1.0578
7/4/2017,1.063
6/4/2017,1.0666
5/4/2017,1.0678
4/4/2017,1.0651
3/4/2017,1.0661
31/3/2017,1.0691
30/3/2017,1.0737
29/3/2017,1.0748
28/3/2017,1.0859
27/3/2017,1.0889
24/3/2017,1.0805
23/3/2017,1.0786
22/3/2017,1.0807
21/3/2017,1.0802
20/3/2017,1.0752
17/3/2017,1.0737
16/3/2017,1.0726
15/3/2017,1.0622
14/3/2017,1.0631
13/3/2017,1.0663
10/3/2017,1.0606
9/3/2017,1.0551
8/3/2017,1.0556
7/3/2017,1.0576
6/3/2017,1.0592
3/3/2017,1.0565
2/3/2017,1.0514
1/3/2017,1.0533
28/2/2017,1.0597
27/2/2017,1.0587
24/2/2017,1.0609
23/2/2017,1.0573
22/2/2017,1.0513
21/2/2017,1.0537
20/2/2017,1.0616
17/2/2017,1.065
16/2/2017,1.0652
15/2/2017,1.0555
14/2/2017,1.0623
13/2/2017,1.0629
10/2/2017,1.0629
9/2/2017,1.0692
8/2/2017,1.0665
7/2/2017,1.0675
6/2/2017,1.0712
3/2/2017,1.0741
2/2/2017,1.0808
1/2/2017,1.079
31/1/2017,1.0755
30/1/2017,1.063
27/1/2017,1.0681
26/1/2017,1.07
25/1/2017,1.0743
24/1/2017,1.0748
23/1/2017,1.0715
20/1/2017,1.0632
19/1/2017,1.0668
18/1/2017,1.0664
17/1/2017,1.0684
16/1/2017,1.0594
13/1/2017,1.0661
12/1/2017,1.0679
11/1/2017,1.0503
10/1/2017,1.0567
9/1/2017,1.0516
6/1/2017,1.0589
5/1/2017,1.0501
4/1/2017,1.0437
3/1/2017,1.0385
2/1/2017,1.0465
30/12/2016,1.0541
29/12/2016,1.0453
28/12/2016,1.0401
27/12/2016,1.0445
23/12/2016,1.0446
22/12/2016,1.0444
21/12/2016,1.0421
20/12/2016,1.0364
19/12/2016,1.0422
16/12/2016,1.0439
15/12/2016,1.0419
14/12/2016,1.0644
13/12/2016,1.061
12/12/2016,1.0596
9/12/2016,1.0559
8/12/2016,1.0762
7/12/2016,1.073
6/12/2016,1.0734
5/12/2016,1.0702
2/12/2016,1.0642
1/12/2016,1.0627
30/11/2016,1.0635
29/11/2016,1.0576
28/11/2016,1.0588
25/11/2016,1.0592
24/11/2016,1.0548
23/11/2016,1.0602
22/11/2016,1.0617
21/11/2016,1.0631
18/11/2016,1.0629
17/11/2016,1.0717
16/11/2016,1.0702
15/11/2016,1.0765
14/11/2016,1.0777
11/11/2016,1.0904
10/11/2016,1.0895
9/11/2016,1.1022
8/11/2016,1.1038
7/11/2016,1.1062
4/11/2016,1.1093
3/11/2016,1.1064
2/11/2016,1.1095
1/11/2016,1.1025
31/10/2016,1.0946
28/10/2016,1.0922
27/10/2016,1.0927
26/10/2016,1.0925
25/10/2016,1.0872
24/10/2016,1.0891
21/10/2016,1.0886
20/10/2016,1.098
19/10/2016,1.0979
18/10/2016,1.0993
17/10/2016,1.0994
14/10/2016,1.1002
13/10/2016,1.1038
12/10/2016,1.102
11/10/2016,1.1079
10/10/2016,1.116
7/10/2016,1.114
6/10/2016,1.1185
5/10/2016,1.1211
4/10/2016,1.1161
3/10/2016,1.1236
30/9/2016,1.1161
29/9/2016,1.1221
28/9/2016,1.1225
27/9/2016,1.122
26/9/2016,1.1262
23/9/2016,1.1214
22/9/2016,1.1238
21/9/2016,1.115
20/9/2016,1.1184
19/9/2016,1.1165
16/9/2016,1.1226
15/9/2016,1.1254
14/9/2016,1.1218
13/9/2016,1.1247
12/9/2016,1.1226
9/9/2016,1.1268
8/9/2016,1.1296
7/9/2016,1.1237
6/9/2016,1.1159
5/9/2016,1.1156
2/9/2016,1.1193
1/9/2016,1.1146
31/8/2016,1.1132
30/8/2016,1.1168
29/8/2016,1.117
26/8/2016,1.129
25/8/2016,1.129
24/8/2016,1.1268
23/8/2016,1.1339
22/8/2016,1.1306
19/8/2016,1.1326
18/8/2016,1.1321
17/8/2016,1.1276
16/8/2016,1.1295
15/8/2016,1.118
12/8/2016,1.1158
11/8/2016,1.1153
10/8/2016,1.1184
9/8/2016,1.1078
8/8/2016,1.1087
5/8/2016,1.1156
4/8/2016,1.1136
3/8/2016,1.12
2/8/2016,1.1193
1/8/2016,1.1164
29/7/2016,1.1113
28/7/2016,1.109
27/7/2016,1.0991
26/7/2016,1.0997
25/7/2016,1.0982
22/7/2016,1.1014
21/7/2016,1.1015
20/7/2016,1.1013
19/7/2016,1.1035
18/7/2016,1.1053
15/7/2016,1.1128
14/7/2016,1.1157
13/7/2016,1.1072
12/7/2016,1.1092
11/7/2016,1.1049
8/7/2016,1.107
7/7/2016,1.108
6/7/2016,1.1069
5/7/2016,1.1146
4/7/2016,1.1138
1/7/2016,1.1135
30/6/2016,1.1102
29/6/2016,1.109
28/6/2016,1.1073
27/6/2016,1.0998
24/6/2016,1.1066
23/6/2016,1.1389
22/6/2016,1.1283
21/6/2016,1.1314
20/6/2016,1.1332
17/6/2016,1.1254
16/6/2016,1.1174
15/6/2016,1.123
14/6/2016,1.1225
13/6/2016,1.1268
10/6/2016,1.1304
9/6/2016,1.1343
8/6/2016,1.1378
7/6/2016,1.1348
6/6/2016,1.1349
3/6/2016,1.1154
2/6/2016,1.1188
1/6/2016,1.1174
31/5/2016,1.1154
30/5/2016,1.1139
27/5/2016,1.1168
26/5/2016,1.1168
25/5/2016,1.1146
24/5/2016,1.1168
23/5/2016,1.1215
20/5/2016,1.1219
19/5/2016,1.1197
18/5/2016,1.1279
17/5/2016,1.1318
16/5/2016,1.1324
13/5/2016,1.1348
12/5/2016,1.1389
11/5/2016,1.1409
10/5/2016,1.1375
9/5/2016,1.1395
6/5/2016,1.1427
5/5/2016,1.1439
4/5/2016,1.1505
3/5/2016,1.1569
2/5/2016,1.1493
29/4/2016,1.1403
28/4/2016,1.1358
27/4/2016,1.1303
26/4/2016,1.1287
25/4/2016,1.1264
22/4/2016,1.1263
21/4/2016,1.1355
20/4/2016,1.1379
19/4/2016,1.1343
18/4/2016,1.1306
15/4/2016,1.1284
14/4/2016,1.1252
13/4/2016,1.1298
12/4/2016,1.1396
11/4/2016,1.139
8/4/2016,1.1363
7/4/2016,1.1364
6/4/2016,1.1336
5/4/2016,1.1367
4/4/2016,1.138
1/4/2016,1.1432
31/3/2016,1.1385
30/3/2016,1.1324
29/3/2016,1.1194
24/3/2016,1.1154
23/3/2016,1.1171
22/3/2016,1.1212
21/3/2016,1.1271
18/3/2016,1.1279
17/3/2016,1.1311
16/3/2016,1.1064
15/3/2016,1.1109
14/3/2016,1.1119
11/3/2016,1.109
10/3/2016,1.0857
9/3/2016,1.0973
8/3/2016,1.1028
7/3/2016,1.0953
4/3/2016,1.097
3/3/2016,1.0901
2/3/2016,1.0856
1/3/2016,1.0872
29/2/2016,1.0888
26/2/2016,1.1006
25/2/2016,1.1027
24/2/2016,1.0981
23/2/2016,1.1002
22/2/2016,1.1026
19/2/2016,1.1096
18/2/2016,1.1084
17/2/2016,1.1136
16/2/2016,1.1166
15/2/2016,1.118
12/2/2016,1.1275
11/2/2016,1.1347
10/2/2016,1.1257
9/2/2016,1.1236
8/2/2016,1.1101
5/2/2016,1.1202
4/2/2016,1.1206
3/2/2016,1.0933
2/2/2016,1.0919
1/2/2016,1.0884
29/1/2016,1.092
28/1/2016,1.0903
27/1/2016,1.0888
26/1/2016,1.0837
25/1/2016,1.0815
22/1/2016,1.0808
21/1/2016,1.0893
20/1/2016,1.0907
19/1/2016,1.0868
18/1/2016,1.0892
15/1/2016,1.0914
14/1/2016,1.0893
13/1/2016,1.0816
12/1/2016,1.0836
11/1/2016,1.0888
8/1/2016,1.0861
7/1/2016,1.0868
6/1/2016,1.0742
5/1/2016,1.0746
4/1/2016,1.0898
31/12/2015,1.0887
30/12/2015,1.0926
29/12/2015,1.0952
28/12/2015,1.0962
24/12/2015,1.0947
23/12/2015,1.0916
22/12/2015,1.0952
21/12/2015,1.087
18/12/2015,1.0836
17/12/2015,1.0841
16/12/2015,1.0933
15/12/2015,1.099
14/12/2015,1.0983
11/12/2015,1.095
10/12/2015,1.0943
9/12/2015,1.0941
8/12/2015,1.0875
7/12/2015,1.0809
4/12/2015,1.0902
3/12/2015,1.0671
2/12/2015,1.0612
1/12/2015,1.06
30/11/2015,1.0579
27/11/2015,1.058
26/11/2015,1.0612
25/11/2015,1.0586
24/11/2015,1.0651
23/11/2015,1.0631
20/11/2015,1.0688
19/11/2015,1.0687
18/11/2015,1.0666
17/11/2015,1.067
16/11/2015,1.0723
13/11/2015,1.0764
12/11/2015,1.0726
11/11/2015,1.0716
10/11/2015,1.0711
9/11/2015,1.0776
6/11/2015,1.0864
5/11/2015,1.0883
4/11/2015,1.0935
3/11/2015,1.0976
2/11/2015,1.1032
30/10/2015,1.1017
29/10/2015,1.093
28/10/2015,1.1085
27/10/2015,1.1061
26/10/2015,1.1011
23/10/2015,1.1084
22/10/2015,1.1313
21/10/2015,1.1354
20/10/2015,1.1373
19/10/2015,1.1333
16/10/2015,1.136
15/10/2015,1.1439
14/10/2015,1.141
13/10/2015,1.1374
12/10/2015,1.1373
9/10/2015,1.1362
8/10/2015,1.1254
7/10/2015,1.1266
6/10/2015,1.1224
5/10/2015,1.1236
2/10/2015,1.116
1/10/2015,1.1153
30/9/2015,1.1203
29/9/2015,1.1204
28/9/2015,1.117
25/9/2015,1.1151
24/9/2015,1.1241
23/9/2015,1.115
22/9/2015,1.1155
21/9/2015,1.125
18/9/2015,1.1419
17/9/2015,1.1312
16/9/2015,1.1228
15/9/2015,1.132
14/9/2015,1.1305
11/9/2015,1.1268
10/9/2015,1.1185
9/9/2015,1.1139
8/9/2015,1.1162
7/9/2015,1.1146
4/9/2015,1.1138
3/9/2015,1.1229
2/9/2015,1.1255
1/9/2015,1.1236
31/8/2015,1.1215
28/8/2015,1.1268
27/8/2015,1.1284
26/8/2015,1.1402
25/8/2015,1.1506
24/8/2015,1.1497
21/8/2015,1.1281
20/8/2015,1.1183
19/8/2015,1.1041
18/8/2015,1.106
17/8/2015,1.11
14/8/2015,1.1171
13/8/2015,1.1109
12/8/2015,1.1155
11/8/2015,1.1055
10/8/2015,1.096
7/8/2015,1.0941
6/8/2015,1.0885
5/8/2015,1.0883
4/8/2015,1.0973
3/8/2015,1.0951
31/7/2015,1.0967
30/7/2015,1.0955
29/7/2015,1.103
28/7/2015,1.1025
27/7/2015,1.1058
24/7/2015,1.0939
23/7/2015,1.0999
22/7/2015,1.0902
21/7/2015,1.0867
20/7/2015,1.0852
17/7/2015,1.0889
16/7/2015,1.0867
15/7/2015,1.1009
14/7/2015,1.1031
13/7/2015,1.1049
10/7/2015,1.1185
9/7/2015,1.1054
8/7/2015,1.1024
7/7/2015,1.0931
6/7/2015,1.1008
3/7/2015,1.1096
2/7/2015,1.1066
1/7/2015,1.11
30/6/2015,1.1189
29/6/2015,1.1133
26/6/2015,1.1202
25/6/2015,1.1206
24/6/2015,1.1213
23/6/2015,1.1204
22/6/2015,1.1345
19/6/2015,1.1299
18/6/2015,1.1404
17/6/2015,1.1279
16/6/2015,1.1215
15/6/2015,1.1218
12/6/2015,1.122
11/6/2015,1.1232
10/6/2015,1.1279
9/6/2015,1.1249
8/6/2015,1.1162
5/6/2015,1.1218
4/6/2015,1.1317
3/6/2015,1.1134
2/6/2015,1.1029
1/6/2015,1.0944
29/5/2015,1.097
28/5/2015,1.0896
27/5/2015,1.0863
26/5/2015,1.0926
25/5/2015,1.0978
22/5/2015,1.1164
21/5/2015,1.1133
20/5/2015,1.1118
19/5/2015,1.118
18/5/2015,1.1389
15/5/2015,1.1328
14/5/2015,1.1419
13/5/2015,1.1221
12/5/2015,1.1239
11/5/2015,1.1142
8/5/2015,1.1221
7/5/2015,1.1305
6/5/2015,1.123
5/5/2015,1.1117
4/5/2015,1.1152
30/4/2015,1.1215
29/4/2015,1.1002
28/4/2015,1.0927
27/4/2015,1.0822
24/4/2015,1.0824
23/4/2015,1.0772
22/4/2015,1.0743
21/4/2015,1.07
20/4/2015,1.0723
17/4/2015,1.0814
16/4/2015,1.0711
15/4/2015,1.0579
14/4/2015,1.0564
13/4/2015,1.0552
10/4/2015,1.057
9/4/2015,1.0774
8/4/2015,1.0862
7/4/2015,1.0847
2/4/2015,1.083
1/4/2015,1.0755
31/3/2015,1.0759
30/3/2015,1.0845
27/3/2015,1.0856
26/3/2015,1.0973
25/3/2015,1.0985
24/3/2015,1.095
23/3/2015,1.0912
20/3/2015,1.0776
19/3/2015,1.0677
18/3/2015,1.0592
17/3/2015,1.0635
16/3/2015,1.0557
13/3/2015,1.0572
12/3/2015,1.0613
11/3/2015,1.0578
10/3/2015,1.0738
9/3/2015,1.086
6/3/2015,1.0963
5/3/2015,1.1069
4/3/2015,1.1124
3/3/2015,1.1168
2/3/2015,1.1227
27/2/2015,1.124
26/2/2015,1.1317
25/2/2015,1.1346
24/2/2015,1.1328
23/2/2015,1.1298
20/2/2015,1.1298
19/2/2015,1.1387
18/2/2015,1.1372
17/2/2015,1.1415
16/2/2015,1.1408
13/2/2015,1.1381
12/2/2015,1.1328
11/2/2015,1.1314
10/2/2015,1.1297
9/2/2015,1.1275
6/2/2015,1.1447
5/2/2015,1.141
4/2/2015,1.1446
3/2/2015,1.1376
2/2/2015,1.131
30/1/2015,1.1305
29/1/2015,1.1315
28/1/2015,1.1344
27/1/2015,1.1306
26/1/2015,1.1244
23/1/2015,1.1198
22/1/2015,1.1618
21/1/2015,1.1593
20/1/2015,1.1579
19/1/2015,1.1605
16/1/2015,1.1588
15/1/2015,1.1708
14/1/2015,1.1775
13/1/2015,1.1782
12/1/2015,1.1804
9/1/2015,1.1813
8/1/2015,1.1768
7/1/2015,1.1831
6/1/2015,1.1914
5/1/2015,1.1915
2/1/2015,1.2043
31/12/2014,1.2141
30/12/2014,1.216
29/12/2014,1.2197
24/12/2014,1.2219
23/12/2014,1.2213
22/12/2014,1.2259
19/12/2014,1.2279
18/12/2014,1.2285
17/12/2014,1.2448
16/12/2014,1.2537
15/12/2014,1.2426
12/12/2014,1.245
11/12/2014,1.2428
10/12/2014,1.2392
9/12/2014,1.2369
8/12/2014,1.2258
5/12/2014,1.2362
4/12/2014,1.2311
3/12/2014,1.2331
2/12/2014,1.2424
1/12/2014,1.2469
28/11/2014,1.2483
27/11/2014,1.248
26/11/2014,1.2475
25/11/2014,1.2424
24/11/2014,1.241
21/11/2014,1.2422
20/11/2014,1.2539
19/11/2014,1.2535
18/11/2014,1.2514
17/11/2014,1.2496
14/11/2014,1.2436
13/11/2014,1.2456
12/11/2014,1.2467
11/11/2014,1.2424
10/11/2014,1.2486
7/11/2014,1.2393
6/11/2014,1.2517
5/11/2014,1.248
4/11/2014,1.2514
3/11/2014,1.2493
31/10/2014,1.2524
30/10/2014,1.2598
29/10/2014,1.2737
28/10/2014,1.2748
27/10/2014,1.2679
24/10/2014,1.2659
23/10/2014,1.2669
22/10/2014,1.2693
21/10/2014,1.2762
20/10/2014,1.2773
17/10/2014,1.2823
16/10/2014,1.2749
15/10/2014,1.2666
14/10/2014,1.2646
13/10/2014,1.2679
10/10/2014,1.2638
9/10/2014,1.2763
8/10/2014,1.2645
7/10/2014,1.2607
6/10/2014,1.2565
3/10/2014,1.2616
2/10/2014,1.2631
1/10/2014,1.2603
30/9/2014,1.2583
29/9/2014,1.2701
26/9/2014,1.2732
25/9/2014,1.2712
24/9/2014,1.2826
23/9/2014,1.2892
22/9/2014,1.2845
19/9/2014,1.2852
18/9/2014,1.2872
17/9/2014,1.2956
16/9/2014,1.2949
15/9/2014,1.2911
12/9/2014,1.2931
11/9/2014,1.2928
10/9/2014,1.2929
9/9/2014,1.2902
8/9/2014,1.2947
5/9/2014,1.2948
4/9/2014,1.3015
3/9/2014,1.3151
2/9/2014,1.3115
1/9/2014,1.3133
29/8/2014,1.3188
28/8/2014,1.3178
27/8/2014,1.3177
26/8/2014,1.3192
25/8/2014,1.32
22/8/2014,1.3267
21/8/2014,1.3262
20/8/2014,1.3284
19/8/2014,1.3354
18/8/2014,1.3383
15/8/2014,1.3388
14/8/2014,1.3373
13/8/2014,1.336
12/8/2014,1.3346
11/8/2014,1.3386
8/8/2014,1.3388
7/8/2014,1.3368
6/8/2014,1.3345
5/8/2014,1.3382
4/8/2014,1.3422
1/8/2014,1.3395
31/7/2014,1.3379
30/7/2014,1.3401
29/7/2014,1.3429
28/7/2014,1.3433
25/7/2014,1.344
24/7/2014,1.3472
23/7/2014,1.3465
22/7/2014,1.3481
21/7/2014,1.3518
18/7/2014,1.3525
17/7/2014,1.3525
16/7/2014,1.3532
15/7/2014,1.3613
14/7/2014,1.3627
11/7/2014,1.3595
10/7/2014,1.3604
9/7/2014,1.3603
8/7/2014,1.3589
7/7/2014,1.3592
4/7/2014,1.3588
3/7/2014,1.3646
2/7/2014,1.3656
1/7/2014,1.3688
30/6/2014,1.3658
27/6/2014,1.362
26/6/2014,1.3606
25/6/2014,1.3615
24/6/2014,1.3618
23/6/2014,1.3596
20/6/2014,1.3588
19/6/2014,1.362
18/6/2014,1.3563
17/6/2014,1.3568
16/6/2014,1.3532
13/6/2014,1.3534
12/6/2014,1.3528
11/6/2014,1.3547
10/6/2014,1.3547
9/6/2014,1.3608
6/6/2014,1.3642
5/6/2014,1.3567
4/6/2014,1.3627
3/6/2014,1.3645
2/6/2014,1.3611
30/5/2014,1.3607
29/5/2014,1.3612
28/5/2014,1.3608
27/5/2014,1.3638
26/5/2014,1.3635
23/5/2014,1.363
22/5/2014,1.3668
21/5/2014,1.3676
20/5/2014,1.3702
19/5/2014,1.3715
16/5/2014,1.3696
15/5/2014,1.3659
14/5/2014,1.3719
13/5/2014,1.3703
12/5/2014,1.3765
9/5/2014,1.3781
8/5/2014,1.3953
7/5/2014,1.3927
6/5/2014,1.3945
5/5/2014,1.3874
2/5/2014,1.3862
30/4/2014,1.385
29/4/2014,1.3826
28/4/2014,1.3861
25/4/2014,1.3831
24/4/2014,1.382
23/4/2014,1.3834
22/4/2014,1.3817
17/4/2014,1.3855
16/4/2014,1.384
15/4/2014,1.3803
14/4/2014,1.3827
11/4/2014,1.3872
10/4/2014,1.3867
9/4/2014,1.3794
8/4/2014,1.3774
7/4/2014,1.3723
4/4/2014,1.37
3/4/2014,1.3771
2/4/2014,1.3795
1/4/2014,1.379
31/3/2014,1.3788
28/3/2014,1.3759
27/3/2014,1.3758
26/3/2014,1.3791
25/3/2014,1.3789
24/3/2014,1.3774
21/3/2014,1.378
20/3/2014,1.3762
19/3/2014,1.3913
18/3/2014,1.3902
17/3/2014,1.3906
14/3/2014,1.3884
13/3/2014,1.3942
12/3/2014,1.3887
11/3/2014,1.385
10/3/2014,1.3881
7/3/2014,1.3894
6/3/2014,1.3745
5/3/2014,1.3732
4/3/2014,1.3768
3/3/2014,1.3768
28/2/2014,1.3813
27/2/2014,1.3656
26/2/2014,1.3726
25/2/2014,1.3754
24/2/2014,1.3735
21/2/2014,1.3707
20/2/2014,1.3706
19/2/2014,1.3745
18/2/2014,1.3731
17/2/2014,1.3699
14/2/2014,1.3707
13/2/2014,1.3675
12/2/2014,1.3573
11/2/2014,1.3676
10/2/2014,1.3638
7/2/2014,1.3574
6/2/2014,1.3495
5/2/2014,1.3543
4/2/2014,1.3519
3/2/2014,1.3498
31/1/2014,1.3516
30/1/2014,1.3574
29/1/2014,1.3608
28/1/2014,1.3649
27/1/2014,1.3658
24/1/2014,1.3687
23/1/2014,1.3639
22/1/2014,1.3566
21/1/2014,1.3526
20/1/2014,1.3566
17/1/2014,1.3584
16/1/2014,1.3597
15/1/2014,1.3606
14/1/2014,1.3667
13/1/2014,1.3654
10/1/2014,1.3587
9/1/2014,1.3612
8/1/2014,1.3594
7/1/2014,1.3641
6/1/2014,1.3602
3/1/2014,1.3634
2/1/2014,1.3658
31/12/2013,1.3791
30/12/2013,1.3783
27/12/2013,1.3814
24/12/2013,1.3684
23/12/2013,1.3702
20/12/2013,1.3655
19/12/2013,1.3667
18/12/2013,1.3749
17/12/2013,1.3749
16/12/2013,1.3776
13/12/2013,1.3727
12/12/2013,1.3775
11/12/2013,1.3767
10/12/2013,1.375
9/12/2013,1.3722
6/12/2013,1.3661
5/12/2013,1.3594
4/12/2013,1.3592
3/12/2013,1.3578
2/12/2013,1.3536
29/11/2013,1.3611
28/11/2013,1.3592
27/11/2013,1.3596
26/11/2013,1.3547
25/11/2013,1.3514
22/11/2013,1.3518
21/11/2013,1.3472
20/11/2013,1.3527
19/11/2013,1.3502
18/11/2013,1.3517
15/11/2013,1.346
14/11/2013,1.3436
13/11/2013,1.3415
12/11/2013,1.3432
11/11/2013,1.3394
8/11/2013,1.3431
7/11/2013,1.3365
6/11/2013,1.3517
5/11/2013,1.3494
4/11/2013,1.3506
1/11/2013,1.3505
31/10/2013,1.3641
30/10/2013,1.3755
29/10/2013,1.3768
28/10/2013,1.3784
25/10/2013,1.3777
24/10/2013,1.3805
23/10/2013,1.3752
22/10/2013,1.3674
21/10/2013,1.3667
18/10/2013,1.3684
17/10/2013,1.3662
16/10/2013,1.3561
15/10/2013,1.3493
14/10/2013,1.3564
11/10/2013,1.3566
10/10/2013,1.3532
9/10/2013,1.3515
8/10/2013,1.3576
7/10/2013,1.3572
4/10/2013,1.3593
3/10/2013,1.3594
2/10/2013,1.3515
1/10/2013,1.3554
30/9/2013,1.3505
27/9/2013,1.3537
26/9/2013,1.3499
25/9/2013,1.3504
24/9/2013,1.3473
23/9/2013,1.3508
20/9/2013,1.3514
19/9/2013,1.3545
18/9/2013,1.3352
17/9/2013,1.3356
16/9/2013,1.3357
13/9/2013,1.3295
12/9/2013,1.329
11/9/2013,1.3268
10/9/2013,1.324
9/9/2013,1.3194
6/9/2013,1.3117
5/9/2013,1.3202
4/9/2013,1.3171
3/9/2013,1.3172
2/9/2013,1.3207
30/8/2013,1.3235
29/8/2013,1.3266
28/8/2013,1.3347
27/8/2013,1.3338
26/8/2013,1.3361
23/8/2013,1.3355
22/8/2013,1.3323
21/8/2013,1.3384
20/8/2013,1.3392
19/8/2013,1.3344
16/8/2013,1.334
15/8/2013,1.3297
14/8/2013,1.3243
13/8/2013,1.329
12/8/2013,1.328
9/8/2013,1.3373
8/8/2013,1.336
7/8/2013,1.3305
6/8/2013,1.328
5/8/2013,1.3257
2/8/2013,1.3203
1/8/2013,1.3236
31/7/2013,1.3275
30/7/2013,1.3284
29/7/2013,1.327
26/7/2013,1.326
25/7/2013,1.3202
24/7/2013,1.3246
23/7/2013,1.318
22/7/2013,1.3166
19/7/2013,1.3123
18/7/2013,1.3093
17/7/2013,1.3136
16/7/2013,1.3118
15/7/2013,1.3012
12/7/2013,1.3034
11/7/2013,1.3044
10/7/2013,1.2813
9/7/2013,1.2857
8/7/2013,1.285
5/7/2013,1.2883
4/7/2013,1.2984
3/7/2013,1.2959
2/7/2013,1.3017
1/7/2013,1.3037
28/6/2013,1.308
27/6/2013,1.3032
26/6/2013,1.3024
25/6/2013,1.3134
24/6/2013,1.3086
21/6/2013,1.318
20/6/2013,1.32
19/6/2013,1.3406
18/6/2013,1.3374
17/6/2013,1.3337
14/6/2013,1.3303
13/6/2013,1.3315
12/6/2013,1.3277
11/6/2013,1.3273
10/6/2013,1.3209
7/6/2013,1.326
6/6/2013,1.3118
5/6/2013,1.3067
4/6/2013,1.3092
3/6/2013,1.3008
31/5/2013,1.3006
30/5/2013,1.2944
29/5/2013,1.2952
28/5/2013,1.2938
27/5/2013,1.2939
24/5/2013,1.2939
23/5/2013,1.2888
22/5/2013,1.2923
21/5/2013,1.2866
20/5/2013,1.2853
17/5/2013,1.2869
16/5/2013,1.289
15/5/2013,1.2864
14/5/2013,1.2977
13/5/2013,1.2973
10/5/2013,1.2988
9/5/2013,1.3142
8/5/2013,1.3135
7/5/2013,1.3107
6/5/2013,1.3107
3/5/2013,1.3114
2/5/2013,1.3191
30/4/2013,1.3072
29/4/2013,1.3113
26/4/2013,1.2999
25/4/2013,1.308
24/4/2013,1.3006
23/4/2013,1.299
22/4/2013,1.3037
19/4/2013,1.3115
18/4/2013,1.3045
17/4/2013,1.3129
16/4/2013,1.3129
15/4/2013,1.3081
12/4/2013,1.3052
11/4/2013,1.3119
10/4/2013,1.3086
9/4/2013,1.304
8/4/2013,1.3023
5/4/2013,1.2944
4/4/2013,1.2818
3/4/2013,1.2828
2/4/2013,1.284
28/3/2013,1.2805
27/3/2013,1.2768
26/3/2013,1.2861
25/3/2013,1.2935
22/3/2013,1.2948
21/3/2013,1.291
20/3/2013,1.2945
19/3/2013,1.2944
18/3/2013,1.2929
15/3/2013,1.3086
14/3/2013,1.2937
13/3/2013,1.2981
12/3/2013,1.3053
11/3/2013,1.2994
8/3/2013,1.309
7/3/2013,1.301
6/3/2013,1.3035
5/3/2013,1.3034
4/3/2013,1.3007
1/3/2013,1.3
28/2/2013,1.3129
27/2/2013,1.3097
26/2/2013,1.3077
25/2/2013,1.3304
22/2/2013,1.3186
21/2/2013,1.3186
20/2/2013,1.337
19/2/2013,1.3349
18/2/2013,1.3352
15/2/2013,1.3325
14/2/2013,1.3327
13/2/2013,1.348
12/2/2013,1.3438
11/2/2013,1.3391
8/2/2013,1.3374
7/2/2013,1.3546
6/2/2013,1.3517
5/2/2013,1.3537
4/2/2013,1.3552
1/2/2013,1.3644
31/1/2013,1.355
30/1/2013,1.3541
29/1/2013,1.3433
28/1/2013,1.3444
25/1/2013,1.3469
24/1/2013,1.3349
23/1/2013,1.333
22/1/2013,1.3317
21/1/2013,1.3323
18/1/2013,1.3324
17/1/2013,1.3368
16/1/2013,1.3277
15/1/2013,1.3327
14/1/2013,1.3341
11/1/2013,1.3274
10/1/2013,1.3113
9/1/2013,1.3056
8/1/2013,1.3086
7/1/2013,1.3039
4/1/2013,1.3012
3/1/2013,1.3102
2/1/2013,1.3262
31/12/2012,1.3194
28/12/2012,1.3183
27/12/2012,1.3266
24/12/2012,1.3218
21/12/2012,1.3209
20/12/2012,1.3246
19/12/2012,1.3302
18/12/2012,1.3178
17/12/2012,1.316
14/12/2012,1.3081
13/12/2012,1.3077
12/12/2012,1.304
11/12/2012,1.2993
10/12/2012,1.293
7/12/2012,1.2905
6/12/2012,1.3072
5/12/2012,1.3065
4/12/2012,1.3092
3/12/2012,1.3057
30/11/2012,1.2986
29/11/2012,1.2994
28/11/2012,1.2891
27/11/2012,1.2961
26/11/2012,1.2964
23/11/2012,1.2909
22/11/2012,1.2893
21/11/2012,1.2805
20/11/2012,1.2809
19/11/2012,1.2762
16/11/2012,1.2745
15/11/2012,1.2756
14/11/2012,1.2726
13/11/2012,1.2696
12/11/2012,1.2735
9/11/2012,1.2694
8/11/2012,1.2736
7/11/2012,1.2746
6/11/2012,1.28
5/11/2012,1.2777
2/11/2012,1.285
1/11/2012,1.2975
31/10/2012,1.2993
30/10/2012,1.2962
29/10/2012,1.2898
26/10/2012,1.2908
25/10/2012,1.2993
24/10/2012,1.2942
23/10/2012,1.3005
22/10/2012,1.3063
19/10/2012,1.3035
18/10/2012,1.3118
17/10/2012,1.312
16/10/2012,1.3046
15/10/2012,1.2971
12/10/2012,1.297
11/10/2012,1.2918
10/10/2012,1.2889
9/10/2012,1.2953
8/10/2012,1.2958
5/10/2012,1.3002
4/10/2012,1.2951
3/10/2012,1.2904
2/10/2012,1.293
1/10/2012,1.2877
28/9/2012,1.293
27/9/2012,1.2874
26/9/2012,1.2845
25/9/2012,1.2932
24/9/2012,1.2916
21/9/2012,1.2988
20/9/2012,1.2954
19/9/2012,1.3002
18/9/2012,1.3054
17/9/2012,1.3086
14/9/2012,1.3095
13/9/2012,1.291
12/9/2012,1.2896
11/9/2012,1.2787
10/9/2012,1.2776
7/9/2012,1.2706
6/9/2012,1.2638
5/9/2012,1.2578
4/9/2012,1.2579
3/9/2012,1.2568
31/8/2012,1.2611
30/8/2012,1.2544
29/8/2012,1.2545
28/8/2012,1.2548
27/8/2012,1.253
24/8/2012,1.2507
23/8/2012,1.2552
22/8/2012,1.2448
21/8/2012,1.2428
20/8/2012,1.23
17/8/2012,1.2337
16/8/2012,1.2279
15/8/2012,1.2276
14/8/2012,1.2352
13/8/2012,1.2339
10/8/2012,1.2262
9/8/2012,1.2301
8/8/2012,1.2336
7/8/2012,1.2436
6/8/2012,1.2379
3/8/2012,1.2245
2/8/2012,1.2346
1/8/2012,1.2298
31/7/2012,1.2284
30/7/2012,1.2246
27/7/2012,1.2317
26/7/2012,1.226
25/7/2012,1.2134
24/7/2012,1.2089
23/7/2012,1.2105
20/7/2012,1.22
19/7/2012,1.2287
18/7/2012,1.2234
17/7/2012,1.2281
16/7/2012,1.2177
13/7/2012,1.2185
12/7/2012,1.2178
11/7/2012,1.226
10/7/2012,1.2285
9/7/2012,1.2293
6/7/2012,1.2377
5/7/2012,1.2426
4/7/2012,1.256
3/7/2012,1.2575
2/7/2012,1.2593
29/6/2012,1.259
28/6/2012,1.2418
27/6/2012,1.2478
26/6/2012,1.2475
25/6/2012,1.2488
22/6/2012,1.2539
21/6/2012,1.267
20/6/2012,1.2704
19/6/2012,1.2619
18/6/2012,1.2618
15/6/2012,1.2596
14/6/2012,1.2551
13/6/2012,1.2534
12/6/2012,1.2492
11/6/2012,1.2544
8/6/2012,1.2468
7/6/2012,1.2595
6/6/2012,1.2485
5/6/2012,1.2429
4/6/2012,1.2437
1/6/2012,1.2322
31/5/2012,1.2403
30/5/2012,1.2438
29/5/2012,1.2523
28/5/2012,1.2566
25/5/2012,1.2546
24/5/2012,1.2557
23/5/2012,1.2659
22/5/2012,1.2768
21/5/2012,1.275
18/5/2012,1.2721
17/5/2012,1.2682
16/5/2012,1.2738
15/5/2012,1.2843
14/5/2012,1.2863
11/5/2012,1.2944
10/5/2012,1.2961
9/5/2012,1.295
8/5/2012,1.3025
7/5/2012,1.3033
4/5/2012,1.3132
3/5/2012,1.3123
2/5/2012,1.3131
1/5/2012,-
30/4/2012,1.3214
27/4/2012,1.3229
26/4/2012,1.3215
25/4/2012,1.3206
24/4/2012,1.3161
23/4/2012,1.3131
20/4/2012,1.3192
19/4/2012,1.3086
18/4/2012,1.3093
17/4/2012,1.3132
16/4/2012,1.3024
13/4/2012,1.3148
12/4/2012,1.3153
11/4/2012,1.3131
10/4/2012,1.3114
9/4/2012,-
6/4/2012,-
5/4/2012,1.3068
4/4/2012,1.3142
3/4/2012,1.3315
2/4/2012,1.3319
30/3/2012,1.3356
29/3/2012,1.3272
28/3/2012,1.3337
27/3/2012,1.3333
26/3/2012,1.3276
23/3/2012,1.3242
22/3/2012,1.3167
21/3/2012,1.3225
20/3/2012,1.3198
19/3/2012,1.315
16/3/2012,1.3116
15/3/2012,1.3057
14/3/2012,1.3062
13/3/2012,1.3057
12/3/2012,1.3119
9/3/2012,1.3191
8/3/2012,1.3242
7/3/2012,1.312
6/3/2012,1.3153
5/3/2012,1.322
2/3/2012,1.3217
1/3/2012,1.3312
29/2/2012,1.3443
28/2/2012,1.3454
27/2/2012,1.3388
24/2/2012,1.3412
23/2/2012,1.33
22/2/2012,1.323
21/2/2012,1.3222
20/2/2012,1.3266
17/2/2012,1.3159
16/2/2012,1.2982
15/2/2012,1.3092
14/2/2012,1.3169
13/2/2012,1.3254
10/2/2012,1.3189
9/2/2012,1.3288
8/2/2012,1.3274
7/2/2012,1.3113
6/2/2012,1.3042
3/2/2012,1.316
2/2/2012,1.3094
1/2/2012,1.3175
31/1/2012,1.3176
30/1/2012,1.311
27/1/2012,1.3145
26/1/2012,1.3145
25/1/2012,1.2942
24/1/2012,1.3003
23/1/2012,1.3017
20/1/2012,1.2902
19/1/2012,1.2911
18/1/2012,1.2831
17/1/2012,1.279
16/1/2012,1.2669
13/1/2012,1.2771
12/1/2012,1.2736
11/1/2012,1.2718
10/1/2012,1.2808
9/1/2012,1.2728
6/1/2012,1.2776
5/1/2012,1.2832
4/1/2012,1.2948
3/1/2012,1.3014
2/1/2012,1.2935
30/12/2011,1.2939
29/12/2011,1.2889
28/12/2011,1.3074
27/12/2011,1.3069
26/12/2011,-
23/12/2011,1.3057
22/12/2011,1.3047
21/12/2011,1.3054
20/12/2011,1.3074
19/12/2011,1.3039
16/12/2011,1.3064
15/12/2011,1.3019
14/12/2011,1.2993
13/12/2011,1.3181
12/12/2011,1.3251
9/12/2011,1.3384
8/12/2011,1.341
7/12/2011,1.3377
6/12/2011,1.3394
5/12/2011,1.3442
2/12/2011,1.3511
1/12/2011,1.3492
30/11/2011,1.3418
29/11/2011,1.3336
28/11/2011,1.3348
25/11/2011,1.3229
24/11/2011,1.3373
23/11/2011,1.3387
22/11/2011,1.3535
21/11/2011,1.3458
18/11/2011,1.3576
17/11/2011,1.348
16/11/2011,1.3484
15/11/2011,1.3532
14/11/2011,1.3659
11/11/2011,1.365
10/11/2011,1.3616
9/11/2011,1.3633
8/11/2011,1.3788
7/11/2011,1.3742
4/11/2011,1.3773
3/11/2011,1.3773
2/11/2011,1.3809
1/11/2011,1.3627
31/10/2011,1.4001
28/10/2011,1.416
27/10/2011,1.4038
26/10/2011,1.3927
25/10/2011,1.3918
24/10/2011,1.3856
21/10/2011,1.3798
20/10/2011,1.3807
19/10/2011,1.3828
18/10/2011,1.3676
17/10/2011,1.3776
14/10/2011,1.3807
13/10/2011,1.3727
12/10/2011,1.3766
11/10/2011,1.3607
10/10/2011,1.3593
7/10/2011,1.3434
6/10/2011,1.3269
5/10/2011,1.3337
4/10/2011,1.3181
3/10/2011,1.3327
30/9/2011,1.3503
29/9/2011,1.3615
28/9/2011,1.3631
27/9/2011,1.3579
26/9/2011,1.35
23/9/2011,1.343
22/9/2011,1.3448
21/9/2011,1.3636
20/9/2011,1.371
19/9/2011,1.3641
16/9/2011,1.376
15/9/2011,1.3795
14/9/2011,1.3729
13/9/2011,1.3645
12/9/2011,1.3656
9/9/2011,1.3817
8/9/2011,1.4044
7/9/2011,1.4036
6/9/2011,1.4099
5/9/2011,1.4126
2/9/2011,1.4255
1/9/2011,1.4285
31/8/2011,1.445
30/8/2011,1.4402
29/8/2011,1.4487
26/8/2011,1.4402
25/8/2011,1.4424
24/8/2011,1.4433
23/8/2011,1.4462
22/8/2011,1.4413
19/8/2011,1.4385
18/8/2011,1.4369
17/8/2011,1.4477
16/8/2011,1.436
15/8/2011,1.4309
12/8/2011,1.425
11/8/2011,1.4143
10/8/2011,1.4367
9/8/2011,1.4267
8/8/2011,1.4225
5/8/2011,1.4155
4/8/2011,1.4229
3/8/2011,1.43
2/8/2011,1.417
1/8/2011,1.4415
29/7/2011,1.426
28/7/2011,1.426
27/7/2011,1.4446
26/7/2011,1.4471
25/7/2011,1.438
22/7/2011,1.4391
21/7/2011,1.4222
20/7/2011,1.4207
19/7/2011,1.416
18/7/2011,1.4045
15/7/2011,1.4146
14/7/2011,1.4202
13/7/2011,1.4073
12/7/2011,1.3975
11/7/2011,1.4056
8/7/2011,1.4242
7/7/2011,1.4247
6/7/2011,1.4318
5/7/2011,1.4461
4/7/2011,1.45
1/7/2011,1.4488
30/6/2011,1.4453
29/6/2011,1.4425
28/6/2011,1.4261
27/6/2011,1.4205
24/6/2011,1.422
23/6/2011,1.4212
22/6/2011,1.4397
21/6/2011,1.4373
20/6/2011,1.4235
17/6/2011,1.427
16/6/2011,1.4088
15/6/2011,1.4292
14/6/2011,1.4448
13/6/2011,1.4354
10/6/2011,1.4486
9/6/2011,1.4614
8/6/2011,1.4608
7/6/2011,1.4652
6/6/2011,1.4596
3/6/2011,1.4488
2/6/2011,1.446
1/6/2011,1.4408
31/5/2011,1.4385
30/5/2011,1.4272
27/5/2011,1.4265
26/5/2011,1.4168
25/5/2011,1.4069
24/5/2011,1.4089
23/5/2011,1.402
20/5/2011,1.4237
19/5/2011,1.4265
18/5/2011,1.4227
17/5/2011,1.4171
16/5/2011,1.4143
13/5/2011,1.428
12/5/2011,1.4153
11/5/2011,1.4357
10/5/2011,1.4358
9/5/2011,1.4397
6/5/2011,1.4501
5/5/2011,1.4814
4/5/2011,1.4882
3/5/2011,1.478
2/5/2011,1.4837
29/4/2011,1.486
28/4/2011,1.4794
27/4/2011,1.4668
26/4/2011,1.4617
25/4/2011,-
22/4/2011,-
21/4/2011,1.4584
20/4/2011,1.4515
19/4/2011,1.4302
18/4/2011,1.4275
15/4/2011,1.445
14/4/2011,1.4401
13/4/2011,1.4493
12/4/2011,1.447
11/4/2011,1.4434
8/4/2011,1.4401
7/4/2011,1.4283
6/4/2011,1.43
5/4/2011,1.4166
4/4/2011,1.424
1/4/2011,1.4141
31/3/2011,1.4207
30/3/2011,1.409
29/3/2011,1.4066
28/3/2011,1.4032
25/3/2011,1.4115
24/3/2011,1.4128
23/3/2011,1.4136
22/3/2011,1.4211
21/3/2011,1.4194
18/3/2011,1.413
17/3/2011,1.4004
16/3/2011,1.3951
15/3/2011,1.3884
14/3/2011,1.3948
11/3/2011,1.3773
10/3/2011,1.3817
9/3/2011,1.3928
8/3/2011,1.3898
7/3/2011,1.4028
4/3/2011,1.3957
3/3/2011,1.385
2/3/2011,1.3809
1/3/2011,1.3825
28/2/2011,1.3834
25/2/2011,1.3762
24/2/2011,1.3773
23/2/2011,1.3731
22/2/2011,1.3667
21/2/2011,1.3668
18/2/2011,1.3627
17/2/2011,1.356
16/2/2011,1.351
15/2/2011,1.351
14/2/2011,1.344
11/2/2011,1.3524
10/2/2011,1.3604
9/2/2011,1.3647
8/2/2011,1.3635
7/2/2011,1.3553
4/2/2011,1.3631
3/2/2011,1.3745
2/2/2011,1.3803
1/2/2011,1.3755
31/1/2011,1.3692
28/1/2011,1.371
27/1/2011,1.3716
26/1/2011,1.3681
25/1/2011,1.3596
24/1/2011,1.3571
21/1/2011,1.3521
20/1/2011,1.3472
19/1/2011,1.3506
18/1/2011,1.3371
17/1/2011,1.3311
14/1/2011,1.3349
13/1/2011,1.3199
12/1/2011,1.2973
11/1/2011,1.2948
10/1/2011,1.2903
7/1/2011,1.2961
6/1/2011,1.3091
5/1/2011,1.3213
4/1/2011,1.3421
3/1/2011,1.3348
31/12/2010,1.3362
30/12/2010,1.328
29/12/2010,1.3136
28/12/2010,1.3195
27/12/2010,1.3136
24/12/2010,1.3099
23/12/2010,1.3064
22/12/2010,1.3112
21/12/2010,1.3155
20/12/2010,1.3147
17/12/2010,1.326
16/12/2010,1.3238
15/12/2010,1.336
14/12/2010,1.3435
13/12/2010,1.3267
10/12/2010,1.3244
9/12/2010,1.3214
8/12/2010,1.32
7/12/2010,1.3363
6/12/2010,1.328
3/12/2010,1.3246
2/12/2010,1.3155
1/12/2010,1.3115
30/11/2010,1.2998
29/11/2010,1.3146
26/11/2010,1.3225
25/11/2010,1.3321
24/11/2010,1.3339
23/11/2010,1.3496
22/11/2010,1.3647
19/11/2010,1.3674
18/11/2010,1.3647
17/11/2010,1.3481
16/11/2010,1.3612
15/11/2010,1.3626
12/11/2010,1.3711
11/11/2010,1.37
10/11/2010,1.377
9/11/2010,1.3945
8/11/2010,1.3917
5/11/2010,1.4084
4/11/2010,1.4244
3/11/2010,1.4014
2/11/2010,1.4018
1/11/2010,1.3926
29/10/2010,1.3857
28/10/2010,1.3857
27/10/2010,1.3803
26/10/2010,1.3912
25/10/2010,1.4031
22/10/2010,1.3934
21/10/2010,1.4016
20/10/2010,1.3861
19/10/2010,1.3859
18/10/2010,1.3896
15/10/2010,1.4089
14/10/2010,1.4101
13/10/2010,1.3958
12/10/2010,1.3833
11/10/2010,1.3936
8/10/2010,1.3874
7/10/2010,1.397
6/10/2010,1.3856
5/10/2010,1.378
4/10/2010,1.3705
1/10/2010,1.3726
30/9/2010,1.3648
29/9/2010,1.3611
28/9/2010,1.346
27/9/2010,1.3477
24/9/2010,1.3412
23/9/2010,1.3323
22/9/2010,1.3364
21/9/2010,1.312
20/9/2010,1.3074
17/9/2010,1.306
16/9/2010,1.3078
15/9/2010,1.2989
14/9/2010,1.285
13/9/2010,1.2801
10/9/2010,1.2725
9/9/2010,1.2715
8/9/2010,1.2697
7/9/2010,1.2744
6/9/2010,1.2874
3/9/2010,1.2834
2/9/2010,1.2818
1/9/2010,1.28
31/8/2010,1.268
30/8/2010,1.27
27/8/2010,1.2713
26/8/2010,1.2693
25/8/2010,1.2613
24/8/2010,1.2611
23/8/2010,1.2704
20/8/2010,1.2711
19/8/2010,1.2836
18/8/2010,1.288
17/8/2010,1.286
16/8/2010,1.282
13/8/2010,1.2799
12/8/2010,1.279
11/8/2010,1.3016
10/8/2010,1.3133
9/8/2010,1.3253
6/8/2010,1.3176
5/8/2010,1.3184
4/8/2010,1.3206
3/8/2010,1.3221
2/8/2010,1.3073
30/7/2010,1.3028
29/7/2010,1.3069
28/7/2010,1.2992
27/7/2010,1.3033
26/7/2010,1.2931
23/7/2010,1.2897
22/7/2010,1.285
21/7/2010,1.2817
20/7/2010,1.2844
19/7/2010,1.2957
16/7/2010,1.3
15/7/2010,1.2828
14/7/2010,1.2703
13/7/2010,1.2569
12/7/2010,1.2572
9/7/2010,1.2637
8/7/2010,1.266
7/7/2010,1.2567
6/7/2010,1.2579
5/7/2010,1.2531
2/7/2010,1.2548
1/7/2010,1.2328
30/6/2010,1.2271
29/6/2010,1.2198
28/6/2010,1.2339
25/6/2010,1.2294
24/6/2010,1.2262
23/6/2010,1.2271
22/6/2010,1.2258
21/6/2010,1.2391
18/6/2010,1.2372
17/6/2010,1.2363
16/6/2010,1.2277
15/6/2010,1.2258
14/6/2010,1.2249
11/6/2010,1.2127
10/6/2010,1.2045
9/6/2010,1.201
8/6/2010,1.1942
7/6/2010,1.1959
4/6/2010,1.206
3/6/2010,1.2268
2/6/2010,1.2218
1/6/2010,1.2155
31/5/2010,1.2307
28/5/2010,1.2384
27/5/2010,1.2255
26/5/2010,1.2309
25/5/2010,1.2223
24/5/2010,1.236
21/5/2010,1.2497
20/5/2010,1.2334
19/5/2010,1.227
18/5/2010,1.2428
17/5/2010,1.2349
14/5/2010,1.2492
13/5/2010,1.2587
12/5/2010,1.2686
11/5/2010,1.2698
10/5/2010,1.2969
7/5/2010,1.2746
6/5/2010,1.2727
5/5/2010,1.2924
4/5/2010,1.3089
3/5/2010,1.3238
30/4/2010,1.3315
29/4/2010,1.3256
28/4/2010,1.3245
27/4/2010,1.329
26/4/2010,1.3321
23/4/2010,1.3311
22/4/2010,1.3339
21/4/2010,1.3373
20/4/2010,1.3486
19/4/2010,1.3432
16/4/2010,1.3535
15/4/2010,1.3544
14/4/2010,1.3615
13/4/2010,1.3583
12/4/2010,1.3585
9/4/2010,1.3384
8/4/2010,1.3296
7/4/2010,1.334
6/4/2010,1.3396
5/4/2010,-
2/4/2010,-
1/4/2010,1.3468
31/3/2010,1.3479
30/3/2010,1.3482
29/3/2010,1.3471
26/3/2010,1.3353
25/3/2010,1.3356
24/3/2010,1.3338
23/3/2010,1.3519
22/3/2010,1.3471
19/3/2010,1.3548
18/3/2010,1.366
17/3/2010,1.3756
16/3/2010,1.3723
15/3/2010,1.3705
12/3/2010,1.3765
11/3/2010,1.3657
10/3/2010,1.361
9/3/2010,1.3557
8/3/2010,1.3662
5/3/2010,1.3582
4/3/2010,1.3668
3/3/2010,1.3641
2/3/2010,1.3548
1/3/2010,1.3525
26/2/2010,1.357
25/2/2010,1.3489
24/2/2010,1.3547
23/2/2010,1.3577
22/2/2010,1.3626
19/2/2010,1.3519
18/2/2010,1.3567
17/2/2010,1.3726
16/2/2010,1.3649
15/2/2010,1.3607
12/2/2010,1.3572
11/2/2010,1.3718
10/2/2010,1.374
9/2/2010,1.376
8/2/2010,1.3675
5/2/2010,1.3691
4/2/2010,1.3847
3/2/2010,1.3984
2/2/2010,1.3937
1/2/2010,1.3913
29/1/2010,1.3966
28/1/2010,1.3999
27/1/2010,1.4072
26/1/2010,1.4085
25/1/2010,1.4151
22/1/2010,1.4135
21/1/2010,1.4064
20/1/2010,1.4132
19/1/2010,1.4279
18/1/2010,1.4369
15/1/2010,1.4374
14/1/2010,1.4486
13/1/2010,1.4563
12/1/2010,1.4481
11/1/2010,1.4528
8/1/2010,1.4273
7/1/2010,1.4304
6/1/2010,1.435
5/1/2010,1.4442
4/1/2010,1.4389
1/1/2010,-
31/12/2009,1.4406
30/12/2009,1.4338
29/12/2009,1.4433
28/12/2009,1.4405
25/12/2009,-
24/12/2009,1.4398
23/12/2009,1.4276
22/12/2009,1.4279
21/12/2009,1.4368
18/12/2009,1.4337
17/12/2009,1.4343
16/12/2009,1.456
15/12/2009,1.4541
14/12/2009,1.4647
11/12/2009,1.4757
10/12/2009,1.473
9/12/2009,1.4768
8/12/2009,1.4774
7/12/2009,1.4787
4/12/2009,1.5068
3/12/2009,1.512
2/12/2009,1.509
1/12/2009,1.5074
30/11/2009,1.5023
27/11/2009,1.4918
26/11/2009,1.5071
25/11/2009,1.5083
24/11/2009,1.4969
23/11/2009,1.4968
20/11/2009,1.4815
19/11/2009,1.4863
18/11/2009,1.4957
17/11/2009,1.4875
16/11/2009,1.4965
13/11/2009,1.4868
12/11/2009,1.4922
11/11/2009,1.5037
10/11/2009,1.4966
9/11/2009,1.4984
6/11/2009,1.4862
5/11/2009,1.4867
4/11/2009,1.4761
3/11/2009,1.4658
2/11/2009,1.4772
30/10/2009,1.48
29/10/2009,1.4788
28/10/2009,1.4785
27/10/2009,1.4874
26/10/2009,1.5019
23/10/2009,1.502
22/10/2009,1.5
21/10/2009,1.4921
20/10/2009,1.4971
19/10/2009,1.4918
16/10/2009,1.4869
15/10/2009,1.4864
14/10/2009,1.4881
13/10/2009,1.4864
12/10/2009,1.4765
9/10/2009,1.475
8/10/2009,1.4763
7/10/2009,1.4694
6/10/2009,1.4722
5/10/2009,1.4616
2/10/2009,1.4537
1/10/2009,1.4539
30/9/2009,1.4643
29/9/2009,1.4549
28/9/2009,1.465
25/9/2009,1.467
24/9/2009,1.4768
23/9/2009,1.4783
22/9/2009,1.478
21/9/2009,1.4658
18/9/2009,1.4705
17/9/2009,1.4712
16/9/2009,1.4671
15/9/2009,1.4611
14/9/2009,1.4561
11/9/2009,1.4594
10/9/2009,1.4545
9/9/2009,1.4522
8/9/2009,1.4473
7/9/2009,1.433
4/9/2009,1.4262
3/9/2009,1.4335
2/9/2009,1.422
1/9/2009,1.4314
31/8/2009,1.4272
28/8/2009,1.4364
27/8/2009,1.4268
26/8/2009,1.427
25/8/2009,1.4324
24/8/2009,1.4323
21/8/2009,1.433
20/8/2009,1.4243
19/8/2009,1.4112
18/8/2009,1.4101
17/8/2009,1.4072
14/8/2009,1.4294
13/8/2009,1.4293
12/8/2009,1.417
11/8/2009,1.4166
10/8/2009,1.4202
7/8/2009,1.4357
6/8/2009,1.437
5/8/2009,1.441
4/8/2009,1.4384
3/8/2009,1.4303
31/7/2009,1.4138
30/7/2009,1.4053
29/7/2009,1.4104
28/7/2009,1.4229
27/7/2009,1.4269
24/7/2009,1.4227
23/7/2009,1.4229
22/7/2009,1.4191
21/7/2009,1.4223
20/7/2009,1.4217
17/7/2009,1.409
16/7/2009,1.413
15/7/2009,1.4089
14/7/2009,1.3991
13/7/2009,1.3975
10/7/2009,1.3901
9/7/2009,1.399
8/7/2009,1.3901
7/7/2009,1.4019
6/7/2009,1.3897
3/7/2009,1.4009
2/7/2009,1.4049
1/7/2009,1.4096
30/6/2009,1.4134
29/6/2009,1.4058
26/6/2009,1.4096
25/6/2009,1.394
24/6/2009,1.4029
23/6/2009,1.3978
22/6/2009,1.3858
19/6/2009,1.3932
18/6/2009,1.392
17/6/2009,1.384
16/6/2009,1.389
15/6/2009,1.385
12/6/2009,1.4004
11/6/2009,1.3969
10/6/2009,1.4102
9/6/2009,1.3959
8/6/2009,1.3866
5/6/2009,1.4177
4/6/2009,1.4095
3/6/2009,1.4207
2/6/2009,1.4238
1/6/2009,1.422
29/5/2009,1.4098
28/5/2009,1.3856
27/5/2009,1.3901
26/5/2009,1.3908
25/5/2009,1.401
22/5/2009,1.3972
21/5/2009,1.3771
20/5/2009,1.369
19/5/2009,1.3612
18/5/2009,1.3494
15/5/2009,1.3518
14/5/2009,1.3563
13/5/2009,1.3623
12/5/2009,1.3683
11/5/2009,1.3574
8/5/2009,1.3425
7/5/2009,1.3363
6/5/2009,1.3322
5/5/2009,1.3403
4/5/2009,1.3223
1/5/2009,-
30/4/2009,1.3275
29/4/2009,1.3266
28/4/2009,1.2992
27/4/2009,1.3125
24/4/2009,1.3232
23/4/2009,1.305
22/4/2009,1.2947
21/4/2009,1.2932
20/4/2009,1.2966
17/4/2009,1.3058
16/4/2009,1.3196
15/4/2009,1.3173
14/4/2009,1.3276
13/4/2009,-
10/4/2009,-
9/4/2009,1.3273
8/4/2009,1.3231
7/4/2009,1.3255
6/4/2009,1.3496
3/4/2009,1.3425
2/4/2009,1.3392
1/4/2009,1.3246
31/3/2009,1.3308
30/3/2009,1.3193
27/3/2009,1.3295
26/3/2009,1.3607
25/3/2009,1.3494
24/3/2009,1.3507
23/3/2009,1.3558
20/3/2009,1.3549
19/3/2009,1.3671
18/3/2009,1.313
17/3/2009,1.2942
16/3/2009,1.3042
13/3/2009,1.2905
12/3/2009,1.2782
11/3/2009,1.2786
10/3/2009,1.2783
9/3/2009,1.2565
6/3/2009,1.2658
5/3/2009,1.2555
4/3/2009,1.2555
3/3/2009,1.2615
2/3/2009,1.2596
27/2/2009,1.2644
26/2/2009,1.2782
25/2/2009,1.2795
24/2/2009,1.2763
23/2/2009,1.2798
20/2/2009,1.2591
19/2/2009,1.2705
18/2/2009,1.2596
17/2/2009,1.2634
16/2/2009,1.2765
13/2/2009,1.2823
12/2/2009,1.2833
11/2/2009,1.2938
10/2/2009,1.2967
9/2/2009,1.3008
6/2/2009,1.2796
5/2/2009,1.2829
4/2/2009,1.2818
3/2/2009,1.2849
2/2/2009,1.276
30/1/2009,1.2816
29/1/2009,1.3111
28/1/2009,1.326
27/1/2009,1.3174
26/1/2009,1.299
23/1/2009,1.2795
22/1/2009,1.2984
21/1/2009,1.291
20/1/2009,1.293
19/1/2009,1.3182
16/1/2009,1.327
15/1/2009,1.3085
14/1/2009,1.3173
13/1/2009,1.3262
12/1/2009,1.3394
9/1/2009,1.3684
8/1/2009,1.3617
7/1/2009,1.3595
6/1/2009,1.3332
5/1/2009,1.3582
2/1/2009,1.3866
1/1/2009,-
31/12/2008,1.3917
30/12/2008,1.4098
29/12/2008,1.427
26/12/2008,-
25/12/2008,-
24/12/2008,1.4005
23/12/2008,1.3978
22/12/2008,1.397
19/12/2008,1.394
18/12/2008,1.4616
17/12/2008,1.4059
16/12/2008,1.369
15/12/2008,1.351
12/12/2008,1.334
11/12/2008,1.3215
10/12/2008,1.2925
9/12/2008,1.2838
8/12/2008,1.2854
5/12/2008,1.2665
4/12/2008,1.262
3/12/2008,1.2623
2/12/2008,1.2697
1/12/2008,1.2608
28/11/2008,1.2727
27/11/2008,1.29
26/11/2008,1.2935
25/11/2008,1.2811
24/11/2008,1.2773
21/11/2008,1.2602
20/11/2008,1.2542
19/11/2008,1.2634
18/11/2008,1.2653
17/11/2008,1.266
14/11/2008,1.2675
13/11/2008,1.2525
12/11/2008,1.253
11/11/2008,1.2747
10/11/2008,1.2891
7/11/2008,1.2756
6/11/2008,1.277
5/11/2008,1.287
4/11/2008,1.282
3/11/2008,1.2822
31/10/2008,1.2757
30/10/2008,1.3035
29/10/2008,1.277
28/10/2008,1.2526
27/10/2008,1.246
24/10/2008,1.2596
23/10/2008,1.281
22/10/2008,1.2843
21/10/2008,1.3184
20/10/2008,1.3424
17/10/2008,1.3404
16/10/2008,1.3507
15/10/2008,1.3625
14/10/2008,1.3752
13/10/2008,1.3639
10/10/2008,1.3579
9/10/2008,1.3682
8/10/2008,1.3731
7/10/2008,1.3632
6/10/2008,1.3634
3/10/2008,1.3834
2/10/2008,1.3903
1/10/2008,1.4081
30/9/2008,1.4303
29/9/2008,1.4349
26/9/2008,1.464
25/9/2008,1.47
24/9/2008,1.469
23/9/2008,1.4731
22/9/2008,1.4571
19/9/2008,1.4236
18/9/2008,1.4502
17/9/2008,1.4224
16/9/2008,1.4267
15/9/2008,1.4151
12/9/2008,1.4066
11/9/2008,1.3934
10/9/2008,1.4094
9/9/2008,1.4144
8/9/2008,1.4214
5/9/2008,1.4247
4/9/2008,1.4488
3/9/2008,1.4441
2/9/2008,1.4516
1/9/2008,1.4621
29/8/2008,1.4735
28/8/2008,1.4771
27/8/2008,1.4767
26/8/2008,1.4598
25/8/2008,1.4767
22/8/2008,1.4808
21/8/2008,1.4814
20/8/2008,1.4734
19/8/2008,1.4677
18/8/2008,1.4704
15/8/2008,1.4729
14/8/2008,1.4907
13/8/2008,1.4903
12/8/2008,1.4907
11/8/2008,1.5012
8/8/2008,1.5074
7/8/2008,1.5471
6/8/2008,1.5478
5/8/2008,1.5487
4/8/2008,1.5566
1/8/2008,1.5574
31/7/2008,1.5611
30/7/2008,1.5589
29/7/2008,1.5705
28/7/2008,1.5746
25/7/2008,1.5734
24/7/2008,1.5677
23/7/2008,1.5741
22/7/2008,1.5919
21/7/2008,1.5858
18/7/2008,1.5816
17/7/2008,1.5849
16/7/2008,1.5888
15/7/2008,1.599
14/7/2008,1.5847
11/7/2008,1.5835
10/7/2008,1.5708
9/7/2008,1.5715
8/7/2008,1.5687
7/7/2008,1.5651
4/7/2008,1.5671
3/7/2008,1.5885
2/7/2008,1.5806
1/7/2008,1.5775
30/6/2008,1.5764
27/6/2008,1.5748
26/6/2008,1.5731
25/6/2008,1.5599
24/6/2008,1.5568
23/6/2008,1.5521
20/6/2008,1.561
19/6/2008,1.5481
18/6/2008,1.5493
17/6/2008,1.5477
16/6/2008,1.5459
13/6/2008,1.5336
12/6/2008,1.5417
11/6/2008,1.5515
10/6/2008,1.5526
9/6/2008,1.5784
6/6/2008,1.5597
5/6/2008,1.5402
4/6/2008,1.5466
3/6/2008,1.5593
2/6/2008,1.5521
30/5/2008,1.5508
29/5/2008,1.5551
28/5/2008,1.5656
27/5/2008,1.576
26/5/2008,1.5761
23/5/2008,1.5742
22/5/2008,1.5755
21/5/2008,1.5753
20/5/2008,1.5639
19/5/2008,1.5577
16/5/2008,1.5498
15/5/2008,1.5474
14/5/2008,1.5439
13/5/2008,1.5473
12/5/2008,1.543
9/5/2008,1.5458
8/5/2008,1.5347
7/5/2008,1.543
6/5/2008,1.5528
5/5/2008,1.546
2/5/2008,1.5458
1/5/2008,-
30/4/2008,1.554
29/4/2008,1.5571
28/4/2008,1.5628
25/4/2008,1.5596
24/4/2008,1.5769
23/4/2008,1.594
22/4/2008,1.5931
21/4/2008,1.5898
18/4/2008,1.578
17/4/2008,1.5872
16/4/2008,1.5928
15/4/2008,1.5828
14/4/2008,1.5869
11/4/2008,1.5833
10/4/2008,1.5875
9/4/2008,1.5726
8/4/2008,1.5694
7/4/2008,1.5693
4/4/2008,1.5722
3/4/2008,1.5526
2/4/2008,1.5632
1/4/2008,1.566
31/3/2008,1.5812
28/3/2008,1.5796
27/3/2008,1.5786
26/3/2008,1.571
25/3/2008,1.5569
24/3/2008,-
21/3/2008,-
20/3/2008,1.5423
19/3/2008,1.5692
18/3/2008,1.5771
17/3/2008,1.577
14/3/2008,1.5561
13/3/2008,1.5577
12/3/2008,1.5477
11/3/2008,1.5379
10/3/2008,1.534
7/3/2008,1.5417
6/3/2008,1.5319
5/3/2008,1.5196
4/3/2008,1.5206
3/3/2008,1.5203
29/2/2008,1.5167
28/2/2008,1.5121
27/2/2008,1.5044
26/2/2008,1.4874
25/2/2008,1.4817
22/2/2008,1.4848
21/2/2008,1.4736
20/2/2008,1.4656
19/2/2008,1.4742
18/2/2008,1.4636
15/2/2008,1.4674
14/2/2008,1.4626
13/2/2008,1.4586
12/2/2008,1.4538
11/2/2008,1.4542
8/2/2008,1.4513
7/2/2008,1.4569
6/2/2008,1.4621
5/2/2008,1.4688
4/2/2008,1.4829
1/2/2008,1.4889
31/1/2008,1.487
30/1/2008,1.481
29/1/2008,1.4773
28/1/2008,1.4755
25/1/2008,1.4705
24/1/2008,1.4663
23/1/2008,1.4574
22/1/2008,1.4494
21/1/2008,1.4482
18/1/2008,1.4674
17/1/2008,1.4691
16/1/2008,1.4792
15/1/2008,1.4886
14/1/2008,1.4895
11/1/2008,1.4792
10/1/2008,1.4662
9/1/2008,1.468
8/1/2008,1.4705
7/1/2008,1.4723
4/1/2008,1.4727
3/1/2008,1.4753
2/1/2008,1.4688
1/1/2008,-
31/12/2007,1.4721
28/12/2007,1.4692
27/12/2007,1.4516
26/12/2007,-
25/12/2007,-
24/12/2007,1.4398
21/12/2007,1.438
20/12/2007,1.4349
19/12/2007,1.4385
18/12/2007,1.4416
17/12/2007,1.4393
14/12/2007,1.4509
13/12/2007,1.4683
12/12/2007,1.4675
11/12/2007,1.4672
10/12/2007,1.4718
7/12/2007,1.4649
6/12/2007,1.4554
5/12/2007,1.472
4/12/2007,1.4741
3/12/2007,1.4666
30/11/2007,1.4761
29/11/2007,1.4738
28/11/2007,1.4747
27/11/2007,1.4874
26/11/2007,1.4845
23/11/2007,1.4809
22/11/2007,1.4829
21/11/2007,1.4814
20/11/2007,1.4785
19/11/2007,1.4654
16/11/2007,1.4651
15/11/2007,1.4639
14/11/2007,1.47
13/11/2007,1.4607
12/11/2007,1.4579
9/11/2007,1.4683
8/11/2007,1.4666
7/11/2007,1.4722
6/11/2007,1.4547
5/11/2007,1.4488
2/11/2007,1.4479
1/11/2007,1.4423
31/10/2007,1.4447
30/10/2007,1.4407
29/10/2007,1.4391
26/10/2007,1.4384
25/10/2007,1.4309
24/10/2007,1.423
23/10/2007,1.4254
22/10/2007,1.4166
19/10/2007,1.4288
18/10/2007,1.4299
17/10/2007,1.42
16/10/2007,1.415
15/10/2007,1.4226
12/10/2007,1.4173
11/10/2007,1.4199
10/10/2007,1.4146
9/10/2007,1.4037
8/10/2007,1.4089
5/10/2007,1.4136
4/10/2007,1.4109
3/10/2007,1.4195
2/10/2007,1.4165
1/10/2007,1.4232
28/9/2007,1.4179
27/9/2007,1.418
26/9/2007,1.4127
25/9/2007,1.4106
24/9/2007,1.4113
21/9/2007,1.4049
20/9/2007,1.403
19/9/2007,1.3975
18/9/2007,1.3867
17/9/2007,1.3877
14/9/2007,1.386
13/9/2007,1.3897
12/9/2007,1.3885
11/9/2007,1.3824
10/9/2007,1.3795
7/9/2007,1.3696
6/9/2007,1.3669
5/9/2007,1.3588
4/9/2007,1.358
3/9/2007,1.3632
31/8/2007,1.3705
30/8/2007,1.361
29/8/2007,1.3631
28/8/2007,1.3664
27/8/2007,1.3658
24/8/2007,1.3615
23/8/2007,1.3574
22/8/2007,1.3493
21/8/2007,1.3508
20/8/2007,1.3476
17/8/2007,1.3454
16/8/2007,1.3405
15/8/2007,1.3476
14/8/2007,1.3591
13/8/2007,1.3651
10/8/2007,1.365
9/8/2007,1.3729
8/8/2007,1.3794
7/8/2007,1.3794
6/8/2007,1.3818
3/8/2007,1.3694
2/8/2007,1.3664
1/8/2007,1.3663
31/7/2007,1.3707
30/7/2007,1.3659
27/7/2007,1.3651
26/7/2007,1.3722
25/7/2007,1.3743
24/7/2007,1.3833
23/7/2007,1.3821
20/7/2007,1.3803
19/7/2007,1.382
18/7/2007,1.3779
17/7/2007,1.3771
16/7/2007,1.3781
13/7/2007,1.3782
12/7/2007,1.3788
11/7/2007,1.3753
10/7/2007,1.3666
9/7/2007,1.3621
6/7/2007,1.3596
5/7/2007,1.364
4/7/2007,1.3618
3/7/2007,1.3601
2/7/2007,1.3588
29/6/2007,1.3505
28/6/2007,1.3467
27/6/2007,1.3438
26/6/2007,1.346
25/6/2007,1.3461
22/6/2007,1.3441
21/6/2007,1.3397
20/6/2007,1.3427
19/6/2007,1.3403
18/6/2007,1.3404
15/6/2007,1.3314
14/6/2007,1.3304
13/6/2007,1.3287
12/6/2007,1.3345
11/6/2007,1.3355
8/6/2007,1.3349
7/6/2007,1.347
6/6/2007,1.3513
5/6/2007,1.3532
4/6/2007,1.3482
1/6/2007,1.3436
31/5/2007,1.3453
30/5/2007,1.342
29/5/2007,1.3509
28/5/2007,1.3453
25/5/2007,1.3441
24/5/2007,1.3448
23/5/2007,1.349
22/5/2007,1.3454
21/5/2007,1.3444
18/5/2007,1.3477
17/5/2007,1.3516
16/5/2007,1.3574
15/5/2007,1.3538
14/5/2007,1.3549
11/5/2007,1.3486
10/5/2007,1.3527
9/5/2007,1.3535
8/5/2007,1.3558
7/5/2007,1.3615
4/5/2007,1.3561
3/5/2007,1.3613
2/5/2007,1.3588
1/5/2007,-
30/4/2007,1.3605
27/4/2007,1.3643
26/4/2007,1.3596
25/4/2007,1.3649
24/4/2007,1.3582
23/4/2007,1.3557
20/4/2007,1.3606
19/4/2007,1.3601
18/4/2007,1.3577
17/4/2007,1.3549
16/4/2007,1.355
13/4/2007,1.3532
12/4/2007,1.3467
11/4/2007,1.3418
10/4/2007,1.3426
9/4/2007,-
6/4/2007,-
5/4/2007,1.3373
4/4/2007,1.3352
3/4/2007,1.3358
2/4/2007,1.3366
30/3/2007,1.3318
29/3/2007,1.3352
28/3/2007,1.3348
27/3/2007,1.3347
26/3/2007,1.3265
23/3/2007,1.3327
22/3/2007,1.3351
21/3/2007,1.3293
20/3/2007,1.3296
19/3/2007,1.3303
16/3/2007,1.3325
15/3/2007,1.3226
14/3/2007,1.3183
13/3/2007,1.3218
12/3/2007,1.3156
9/3/2007,1.3155
8/3/2007,1.3152
7/3/2007,1.3135
6/3/2007,1.31
5/3/2007,1.3083
2/3/2007,1.3163
1/3/2007,1.3225
28/2/2007,1.3211
27/2/2007,1.323
26/2/2007,1.316
23/2/2007,1.3134
22/2/2007,1.3106
21/2/2007,1.3145
20/2/2007,1.3145
19/2/2007,1.3132
16/2/2007,1.3119
15/2/2007,1.3137
14/2/2007,1.3082
13/2/2007,1.3022
12/2/2007,1.2956
9/2/2007,1.3007
8/2/2007,1.2991
7/2/2007,1.2987
6/2/2007,1.2955
5/2/2007,1.2925
2/2/2007,1.302
1/2/2007,1.302
31/1/2007,1.2954
30/1/2007,1.2972
29/1/2007,1.2921
26/1/2007,1.2901
25/1/2007,1.2978
24/1/2007,1.3005
23/1/2007,1.304
22/1/2007,1.2936
19/1/2007,1.2958
18/1/2007,1.2922
17/1/2007,1.2909
16/1/2007,1.2953
15/1/2007,1.2941
12/1/2007,1.2893
11/1/2007,1.2984
10/1/2007,1.2988
9/1/2007,1.3018
8/1/2007,1.3006
5/1/2007,1.3084
4/1/2007,1.3106
3/1/2007,1.3231
2/1/2007,1.327
1/1/2007,-
29/12/2006,1.317
28/12/2006,1.3173
27/12/2006,1.3159
26/12/2006,-
25/12/2006,-
22/12/2006,1.3192
21/12/2006,1.3178
20/12/2006,1.3203
19/12/2006,1.3158
18/12/2006,1.3095
15/12/2006,1.3106
14/12/2006,1.3192
13/12/2006,1.3265
12/12/2006,1.3244
11/12/2006,1.3177
8/12/2006,1.3276
7/12/2006,1.3297
6/12/2006,1.3274
5/12/2006,1.3331
4/12/2006,1.3309
1/12/2006,1.3244
30/11/2006,1.32
29/11/2006,1.3157
28/11/2006,1.3147
27/11/2006,1.3114
24/11/2006,1.3078
23/11/2006,1.2953
22/11/2006,1.2886
21/11/2006,1.2814
20/11/2006,1.2841
17/11/2006,1.2774
16/11/2006,1.2804
15/11/2006,1.2792
14/11/2006,1.2824
13/11/2006,1.283
10/11/2006,1.2864
9/11/2006,1.2796
8/11/2006,1.2776
7/11/2006,1.2755
6/11/2006,1.2702
3/11/2006,1.276
2/11/2006,1.2767
1/11/2006,1.2757
31/10/2006,1.2696
30/10/2006,1.2717
27/10/2006,1.2683
26/10/2006,1.2653
25/10/2006,1.258
24/10/2006,1.2541
23/10/2006,1.2556
20/10/2006,1.2618
19/10/2006,1.2561
18/10/2006,1.2543
17/10/2006,1.2524
16/10/2006,1.2515
13/10/2006,1.255
12/10/2006,1.2531
11/10/2006,1.2543
10/10/2006,1.2538
9/10/2006,1.2603
6/10/2006,1.2664
5/10/2006,1.2721
4/10/2006,1.2684
3/10/2006,1.2737
2/10/2006,1.2685
29/9/2006,1.266
28/9/2006,1.2713
27/9/2006,1.2684
26/9/2006,1.2695
25/9/2006,1.2768
22/9/2006,1.2817
21/9/2006,1.2731
20/9/2006,1.2676
19/9/2006,1.2654
18/9/2006,1.2665
15/9/2006,1.2675
14/9/2006,1.2723
13/9/2006,1.2677
12/9/2006,1.2709
11/9/2006,1.2713
8/9/2006,1.2713
7/9/2006,1.2731
6/9/2006,1.2793
5/9/2006,1.281
4/9/2006,1.2852
1/9/2006,1.2817
31/8/2006,1.2851
30/8/2006,1.2818
29/8/2006,1.2808
28/8/2006,1.28
25/8/2006,1.2762
24/8/2006,1.2831
23/8/2006,1.2812
22/8/2006,1.2812
21/8/2006,1.2919
18/8/2006,1.2802
17/8/2006,1.2879
16/8/2006,1.2793
15/8/2006,1.2725
14/8/2006,1.2718
11/8/2006,1.2775
10/8/2006,1.2857
9/8/2006,1.2879
8/8/2006,1.2839
7/8/2006,1.285
4/8/2006,1.2792
3/8/2006,1.2781
2/8/2006,1.2798
1/8/2006,1.2759
31/7/2006,1.2767
28/7/2006,1.2664
27/7/2006,1.2737
26/7/2006,1.2587
25/7/2006,1.2636
24/7/2006,1.2633
21/7/2006,1.268
20/7/2006,1.2643
19/7/2006,1.2482
18/7/2006,1.2531
17/7/2006,1.2541
14/7/2006,1.2666
13/7/2006,1.2692
12/7/2006,1.2722
11/7/2006,1.2736
10/7/2006,1.2752
7/7/2006,1.2778
6/7/2006,1.2735
5/7/2006,1.2794
4/7/2006,1.2791
3/7/2006,1.279
30/6/2006,1.2713
29/6/2006,1.2529
28/6/2006,1.257
27/6/2006,1.2567
26/6/2006,1.2561
23/6/2006,1.2502
22/6/2006,1.2582
21/6/2006,1.2632
20/6/2006,1.2546
19/6/2006,1.2591
16/6/2006,1.2651
15/6/2006,1.261
14/6/2006,1.2563
13/6/2006,1.2571
12/6/2006,1.2572
9/6/2006,1.2659
8/6/2006,1.2735
7/6/2006,1.2789
6/6/2006,1.2847
5/6/2006,1.2958
2/6/2006,1.2815
1/6/2006,1.2736
31/5/2006,1.2868
30/5/2006,1.2839
29/5/2006,1.2758
26/5/2006,1.2797
25/5/2006,1.2755
24/5/2006,1.2851
23/5/2006,1.2841
22/5/2006,1.2753
19/5/2006,1.2767
18/5/2006,1.277
17/5/2006,1.2882
16/5/2006,1.2817
15/5/2006,1.2826
12/5/2006,1.2914
11/5/2006,1.2716
10/5/2006,1.2779
9/5/2006,1.2697
8/5/2006,1.2756
5/5/2006,1.2688
4/5/2006,1.2592
3/5/2006,1.2622
2/5/2006,1.2643
1/5/2006,-
28/4/2006,1.2537
27/4/2006,1.2414
26/4/2006,1.2425
25/4/2006,1.2425
24/4/2006,1.2365
21/4/2006,1.2315
20/4/2006,1.2346
19/4/2006,1.2346
18/4/2006,1.2252
17/4/2006,-
14/4/2006,-
13/4/2006,1.2094
12/4/2006,1.2125
11/4/2006,1.2105
10/4/2006,1.2099
7/4/2006,1.2179
6/4/2006,1.2312
5/4/2006,1.2262
4/4/2006,1.2217
3/4/2006,1.2063
31/3/2006,1.2104
30/3/2006,1.2096
29/3/2006,1.2012
28/3/2006,1.2084
27/3/2006,1.2025
24/3/2006,1.1969
23/3/2006,1.2055
22/3/2006,1.2069
21/3/2006,1.2144
20/3/2006,1.2174
17/3/2006,1.2185
16/3/2006,1.2069
15/3/2006,1.2026
14/3/2006,1.1948
13/3/2006,1.1922
10/3/2006,1.1919
9/3/2006,1.192
8/3/2006,1.1914
7/3/2006,1.1913
6/3/2006,1.2017
3/3/2006,1.202
2/3/2006,1.1921
1/3/2006,1.1954
28/2/2006,1.1875
27/2/2006,1.1852
24/2/2006,1.1896
23/2/2006,1.1957
22/2/2006,1.1875
21/2/2006,1.1906
20/2/2006,1.1932
17/2/2006,1.1863
16/2/2006,1.1858
15/2/2006,1.1904
14/2/2006,1.1898
13/2/2006,1.1888
10/2/2006,1.197
9/2/2006,1.1972
8/2/2006,1.1948
7/2/2006,1.1973
6/2/2006,1.1981
3/2/2006,1.2061
2/2/2006,1.2066
1/2/2006,1.2092
31/1/2006,1.2118
30/1/2006,1.2082
27/1/2006,1.2172
26/1/2006,1.2254
25/1/2006,1.2294
24/1/2006,1.2272
23/1/2006,1.2277
20/1/2006,1.2068
19/1/2006,1.2073
18/1/2006,1.2125
17/1/2006,1.2075
16/1/2006,1.2112
13/1/2006,1.2039
12/1/2006,1.2113
11/1/2006,1.2088
10/1/2006,1.2064
9/1/2006,1.2078
6/1/2006,1.2093
5/1/2006,1.2088
4/1/2006,1.2083
3/1/2006,1.1875
2/1/2006,1.1826
30/12/2005,1.1797
29/12/2005,1.1825
28/12/2005,1.1916
27/12/2005,1.1852
26/12/2005,-
23/12/2005,1.1859
22/12/2005,1.1822
21/12/2005,1.1872
20/12/2005,1.1955
19/12/2005,1.1977
16/12/2005,1.1983
15/12/2005,1.1999
14/12/2005,1.202
13/12/2005,1.1925
12/12/2005,1.1925
9/12/2005,1.1785
8/12/2005,1.1764
7/12/2005,1.171
6/12/2005,1.1783
5/12/2005,1.1767
2/12/2005,1.1697
1/12/2005,1.1745
30/11/2005,1.1769
29/11/2005,1.1793
28/11/2005,1.1726
25/11/2005,1.1763
24/11/2005,1.1783
23/11/2005,1.1776
22/11/2005,1.1701
21/11/2005,1.1811
18/11/2005,1.1679
17/11/2005,1.1692
16/11/2005,1.1677
15/11/2005,1.1667
14/11/2005,1.1713
11/11/2005,1.1697
10/11/2005,1.1762
9/11/2005,1.1738
8/11/2005,1.1741
7/11/2005,1.1824
4/11/2005,1.1933
3/11/2005,1.2041
2/11/2005,1.1992
1/11/2005,1.2008
31/10/2005,1.2023
28/10/2005,1.2138
27/10/2005,1.213
26/10/2005,1.2059
25/10/2005,1.2017
24/10/2005,1.1944
21/10/2005,1.2012
20/10/2005,1.1953
19/10/2005,1.195
18/10/2005,1.1937
17/10/2005,1.2022
14/10/2005,1.1999
13/10/2005,1.198
12/10/2005,1.2008
11/10/2005,1.2022
10/10/2005,1.2088
7/10/2005,1.2144
6/10/2005,1.2061
5/10/2005,1.1947
4/10/2005,1.1938
3/10/2005,1.1933
30/9/2005,1.2042
29/9/2005,1.2063
28/9/2005,1.2037
27/9/2005,1.2005
26/9/2005,1.2031
23/9/2005,1.2118
22/9/2005,1.2224
21/9/2005,1.2225
20/9/2005,1.2154
19/9/2005,1.2139
16/9/2005,1.2243
15/9/2005,1.2223
14/9/2005,1.2314
13/9/2005,1.2276
12/9/2005,1.2313
9/9/2005,1.2415
8/9/2005,1.2418
7/9/2005,1.2451
6/9/2005,1.2483
5/9/2005,1.2538
2/9/2005,1.2541
1/9/2005,1.2388
31/8/2005,1.2198
30/8/2005,1.2181
29/8/2005,1.2289
26/8/2005,1.2307
25/8/2005,1.2272
24/8/2005,1.2211
23/8/2005,1.2233
22/8/2005,1.2231
19/8/2005,1.2183
18/8/2005,1.2213
17/8/2005,1.2296
16/8/2005,1.2313
15/8/2005,1.2374
12/8/2005,1.2457
11/8/2005,1.2405
10/8/2005,1.2377
9/8/2005,1.2367
8/8/2005,1.237
5/8/2005,1.2386
4/8/2005,1.2319
3/8/2005,1.2308
2/8/2005,1.2217
1/8/2005,1.2219
29/7/2005,1.2093
28/7/2005,1.21
27/7/2005,1.199
26/7/2005,1.1987
25/7/2005,1.2065
22/7/2005,1.2143
21/7/2005,1.2187
20/7/2005,1.2063
19/7/2005,1.1965
18/7/2005,1.2054
15/7/2005,1.2073
14/7/2005,1.2067
13/7/2005,1.2184
12/7/2005,1.2166
11/7/2005,1.2006
8/7/2005,1.1904
7/7/2005,1.1957
6/7/2005,1.1913
5/7/2005,1.1883
4/7/2005,1.1894
1/7/2005,1.2087
30/6/2005,1.2092
29/6/2005,1.2054
28/6/2005,1.2095
27/6/2005,1.2164
24/6/2005,1.2082
23/6/2005,1.2066
22/6/2005,1.2111
21/6/2005,1.2092
20/6/2005,1.221
17/6/2005,1.2177
16/6/2005,1.2115
15/6/2005,1.2069
14/6/2005,1.211
13/6/2005,1.2062
10/6/2005,1.2229
9/6/2005,1.2239
8/6/2005,1.2324
7/6/2005,1.2285
6/6/2005,1.2272
3/6/2005,1.2289
2/6/2005,1.2263
1/6/2005,1.2228
31/5/2005,1.2331
30/5/2005,1.2472
27/5/2005,1.2551
26/5/2005,1.2523
25/5/2005,1.2564
24/5/2005,1.2617
23/5/2005,1.2548
20/5/2005,1.2607
19/5/2005,1.2642
18/5/2005,1.2621
17/5/2005,1.2636
16/5/2005,1.2616
13/5/2005,1.2635
12/5/2005,1.2771
11/5/2005,1.2882
10/5/2005,1.2854
9/5/2005,1.2824
6/5/2005,1.2947
5/5/2005,1.2954
4/5/2005,1.2953
3/5/2005,1.2856
2/5/2005,1.2863
29/4/2005,1.2957
28/4/2005,1.2905
27/4/2005,1.292
26/4/2005,1.2981
25/4/2005,1.2966
22/4/2005,1.3077
21/4/2005,1.3058
20/4/2005,1.3049
19/4/2005,1.2996
18/4/2005,1.2967
15/4/2005,1.2868
14/4/2005,1.282
13/4/2005,1.2922
12/4/2005,1.2985
11/4/2005,1.2971
8/4/2005,1.2819
7/4/2005,1.2923
6/4/2005,1.286
5/4/2005,1.281
4/4/2005,1.2883
1/4/2005,1.2959
31/3/2005,1.2964
30/3/2005,1.2943
29/3/2005,1.2926
28/3/2005,-
25/3/2005,-
24/3/2005,1.2982
23/3/2005,1.305
22/3/2005,1.3175
21/3/2005,1.3199
18/3/2005,1.3279
17/3/2005,1.3378
16/3/2005,1.3373
15/3/2005,1.3383
14/3/2005,1.3372
11/3/2005,1.3416
10/3/2005,1.3409
9/3/2005,1.3346
8/3/2005,1.3246
7/3/2005,1.3197
4/3/2005,1.3115
3/3/2005,1.3144
2/3/2005,1.3101
1/3/2005,1.3216
28/2/2005,1.3257
25/2/2005,1.3165
24/2/2005,1.326
23/2/2005,1.3203
22/2/2005,1.3193
21/2/2005,1.3055
18/2/2005,1.3039
17/2/2005,1.3041
16/2/2005,1.304
15/2/2005,1.3016
14/2/2005,1.2967
11/2/2005,1.2855
10/2/2005,1.2777
9/2/2005,1.2762
8/2/2005,1.2764
7/2/2005,1.2844
4/2/2005,1.2958
3/2/2005,1.3001
2/2/2005,1.3061
1/2/2005,1.3027
31/1/2005,1.3035
28/1/2005,1.3035
27/1/2005,1.3026
26/1/2005,1.3005
25/1/2005,1.3025
24/1/2005,1.3065
21/1/2005,1.2963
20/1/2005,1.2936
19/1/2005,1.3083
18/1/2005,1.306
17/1/2005,1.3085
14/1/2005,1.3091
13/1/2005,1.3232
12/1/2005,1.3139
11/1/2005,1.3143
10/1/2005,1.3103
7/1/2005,1.32
6/1/2005,1.3183
5/1/2005,1.3224
4/1/2005,1.3365
3/1/2005,1.3507
31/12/2004,1.3621
30/12/2004,1.3604
29/12/2004,1.3608
28/12/2004,1.3633
27/12/2004,1.3527
24/12/2004,1.3542
23/12/2004,1.3456
22/12/2004,1.3384
21/12/2004,1.3394
20/12/2004,1.3378
17/12/2004,1.3264
16/12/2004,1.3401
15/12/2004,1.3383
14/12/2004,1.3317
13/12/2004,1.3268
10/12/2004,1.3191
9/12/2004,1.3305
8/12/2004,1.33
7/12/2004,1.3456
6/12/2004,1.3435
3/12/2004,1.33
2/12/2004,1.3314
1/12/2004,1.3294
30/11/2004,1.3295
29/11/2004,1.3247
26/11/2004,1.3238
25/11/2004,1.3213
24/11/2004,1.3146
23/11/2004,1.3089
22/11/2004,1.3033
19/11/2004,1.302
18/11/2004,1.3024
17/11/2004,1.3026
16/11/2004,1.2971
15/11/2004,1.2955
12/11/2004,1.2921
11/11/2004,1.289
10/11/2004,1.2977
9/11/2004,1.2911
8/11/2004,1.2917
5/11/2004,1.2856
4/11/2004,1.2874
3/11/2004,1.2754
2/11/2004,1.2705
1/11/2004,1.2748
29/10/2004,1.2737
28/10/2004,1.2711
27/10/2004,1.2792
26/10/2004,1.2784
25/10/2004,1.2792
22/10/2004,1.2606
21/10/2004,1.2606
20/10/2004,1.259
19/10/2004,1.2509
18/10/2004,1.2474
15/10/2004,1.2414
14/10/2004,1.2377
13/10/2004,1.2267
12/10/2004,1.2312
11/10/2004,1.2392
8/10/2004,1.2315
7/10/2004,1.2301
6/10/2004,1.2282
5/10/2004,1.2304
4/10/2004,1.2305
1/10/2004,1.2413
30/9/2004,1.2409
29/9/2004,1.2323
28/9/2004,1.2335
27/9/2004,1.2254
24/9/2004,1.2309
23/9/2004,1.2315
22/9/2004,1.2245
21/9/2004,1.2276
20/9/2004,1.2132
17/9/2004,1.2211
16/9/2004,1.2158
15/9/2004,1.2238
14/9/2004,1.2237
13/9/2004,1.2236
10/9/2004,1.2219
9/9/2004,1.2191
8/9/2004,1.2039
7/9/2004,1.2079
6/9/2004,1.2071
3/9/2004,1.2175
2/9/2004,1.2172
1/9/2004,1.2168
31/8/2004,1.2111
30/8/2004,1.2047
27/8/2004,1.2085
26/8/2004,1.21
25/8/2004,1.2081
24/8/2004,1.2139
23/8/2004,1.225
20/8/2004,1.2293
19/8/2004,1.2359
18/8/2004,1.2331
17/8/2004,1.2338
16/8/2004,1.2337
13/8/2004,1.2219
12/8/2004,1.2256
11/8/2004,1.2233
10/8/2004,1.2279
9/8/2004,1.2247
6/8/2004,1.2064
5/8/2004,1.2042
4/8/2004,1.1983
3/8/2004,1.2022
2/8/2004,1.2055
30/7/2004,1.2039
29/7/2004,1.2026
28/7/2004,1.2034
27/7/2004,1.2168
26/7/2004,1.2163
23/7/2004,1.2191
22/7/2004,1.2268
21/7/2004,1.2296
20/7/2004,1.2385
19/7/2004,1.2412
16/7/2004,1.2353
15/7/2004,1.2374
14/7/2004,1.2381
13/7/2004,1.2372
12/7/2004,1.2397
9/7/2004,1.2372
8/7/2004,1.2348
7/7/2004,1.2357
6/7/2004,1.2309
5/7/2004,1.2288
2/7/2004,1.2148
1/7/2004,1.2168
30/6/2004,1.2155
29/6/2004,1.2169
28/6/2004,1.2208
25/6/2004,1.2138
24/6/2004,1.2122
23/6/2004,1.2087
22/6/2004,1.2091
21/6/2004,1.2112
18/6/2004,1.2042
17/6/2004,1.2045
16/6/2004,1.2058
15/6/2004,1.2051
14/6/2004,1.2001
11/6/2004,1.2006
10/6/2004,1.2052
9/6/2004,1.2157
8/6/2004,1.2294
7/6/2004,1.2319
4/6/2004,1.2203
3/6/2004,1.2226
2/6/2004,1.2276
1/6/2004,1.2231
31/5/2004,1.2198
28/5/2004,1.2246
27/5/2004,1.2165
26/5/2004,1.2106
25/5/2004,1.2063
24/5/2004,1.1968
21/5/2004,1.2031
20/5/2004,1.1922
19/5/2004,1.1989
18/5/2004,1.1983
17/5/2004,1.2023
14/5/2004,1.1802
13/5/2004,1.1823
12/5/2004,1.1857
11/5/2004,1.1804
10/5/2004,1.1843
7/5/2004,1.2073
6/5/2004,1.2116
5/5/2004,1.2126
4/5/2004,1.2061
3/5/2004,1.1953
30/4/2004,1.1947
29/4/2004,1.1826
28/4/2004,1.1907
27/4/2004,1.1887
26/4/2004,1.1851
23/4/2004,1.1885
22/4/2004,1.1873
21/4/2004,1.1836
20/4/2004,1.1926
19/4/2004,1.2044
16/4/2004,1.1932
15/4/2004,1.1912
14/4/2004,1.1924
13/4/2004,1.1975
12/4/2004,-
9/4/2004,-
8/4/2004,1.2096
7/4/2004,1.2101
6/4/2004,1.209
5/4/2004,1.2058
2/4/2004,1.2318
1/4/2004,1.232
31/3/2004,1.2224
30/3/2004,1.2187
29/3/2004,1.2118
26/3/2004,1.2173
25/3/2004,1.2132
24/3/2004,1.2196
23/3/2004,1.2276
22/3/2004,1.2353
19/3/2004,1.2344
18/3/2004,1.2261
17/3/2004,1.2251
16/3/2004,1.235
15/3/2004,1.2278
12/3/2004,1.2235
11/3/2004,1.2256
10/3/2004,1.2299
9/3/2004,1.2361
8/3/2004,1.2356
5/3/2004,1.2192
4/3/2004,1.2147
3/3/2004,1.2143
2/3/2004,1.2402
1/3/2004,1.2484
27/2/2004,1.2418
26/2/2004,1.2444
25/2/2004,1.2629
24/2/2004,1.2595
23/2/2004,1.2576
20/2/2004,1.2663
19/2/2004,1.2724
18/2/2004,1.2824
17/2/2004,1.2858
16/2/2004,1.2741
13/2/2004,1.2816
12/2/2004,1.2802
11/2/2004,1.268
10/2/2004,1.2764
9/2/2004,1.2713
6/2/2004,1.2529
5/2/2004,1.2583
4/2/2004,1.2524
3/2/2004,1.2585
2/2/2004,1.2461
30/1/2004,1.2384
29/1/2004,1.2468
28/1/2004,1.2563
27/1/2004,1.2517
26/1/2004,1.2575
23/1/2004,1.2692
22/1/2004,1.271
21/1/2004,1.2607
20/1/2004,1.2536
19/1/2004,1.2373
16/1/2004,1.2493
15/1/2004,1.2635
14/1/2004,1.2692
13/1/2004,1.2749
12/1/2004,1.2828
9/1/2004,1.2737
8/1/2004,1.2634
7/1/2004,1.2679
6/1/2004,1.2756
5/1/2004,1.2657
2/1/2004,1.2592
1/1/2004,-
31/12/2003,1.263
30/12/2003,1.2496
29/12/2003,1.2499
26/12/2003,-
25/12/2003,-
24/12/2003,1.2407
23/12/2003,1.2392
22/12/2003,1.2434
19/12/2003,1.2418
18/12/2003,1.2403
17/12/2003,1.2337
16/12/2003,1.2339
15/12/2003,1.223
12/12/2003,1.2254
11/12/2003,1.2187
10/12/2003,1.2239
9/12/2003,1.2258
8/12/2003,1.2218
5/12/2003,1.2087
4/12/2003,1.2074
3/12/2003,1.2102
2/12/2003,1.1975
1/12/2003,1.2019
28/11/2003,1.1994
27/11/2003,1.1902
26/11/2003,1.1828
25/11/2003,1.1766
24/11/2003,1.1823
21/11/2003,1.1899
20/11/2003,1.1909
19/11/2003,1.191
18/11/2003,1.1778
17/11/2003,1.1802
14/11/2003,1.1765
13/11/2003,1.168
12/11/2003,1.16
11/11/2003,1.1497
10/11/2003,1.1483
7/11/2003,1.1424
6/11/2003,1.1449
5/11/2003,1.1473
4/11/2003,1.1468
3/11/2003,1.1589
31/10/2003,1.1622
30/10/2003,1.1736
29/10/2003,1.1684
28/10/2003,1.1673
27/10/2003,1.1748
24/10/2003,1.1781
23/10/2003,1.1786
22/10/2003,1.1694
21/10/2003,1.1623
20/10/2003,1.1629
17/10/2003,1.1579
16/10/2003,1.1615
15/10/2003,1.1669
14/10/2003,1.1634
13/10/2003,1.1688
10/10/2003,1.1788
9/10/2003,1.1788
8/10/2003,1.1781
7/10/2003,1.1768
6/10/2003,1.1579
3/10/2003,1.1686
2/10/2003,1.1692
1/10/2003,1.1671
30/9/2003,1.1652
29/9/2003,1.1413
26/9/2003,1.1487
25/9/2003,1.1493
24/9/2003,1.1466
23/9/2003,1.1464
22/9/2003,1.1468
19/9/2003,1.1312
18/9/2003,1.129
17/9/2003,1.1212
16/9/2003,1.1235
15/9/2003,1.1281
12/9/2003,1.1172
11/9/2003,1.1217
10/9/2003,1.1172
9/9/2003,1.1135
8/9/2003,1.1071
5/9/2003,1.0923
4/9/2003,1.0818
3/9/2003,1.0783
2/9/2003,1.0849
1/9/2003,1.0965
29/8/2003,1.0927
28/8/2003,1.0828
27/8/2003,1.0907
26/8/2003,1.0816
25/8/2003,1.0888
22/8/2003,1.0894
21/8/2003,1.1009
20/8/2003,1.1109
19/8/2003,1.1065
18/8/2003,1.1188
15/8/2003,1.1247
14/8/2003,1.127
13/8/2003,1.1277
12/8/2003,1.1312
11/8/2003,1.1295
8/8/2003,1.1326
7/8/2003,1.1353
6/8/2003,1.1392
5/8/2003,1.1333
4/8/2003,1.1307
1/8/2003,1.1169
31/7/2003,1.1318
30/7/2003,1.142
29/7/2003,1.1462
28/7/2003,1.1489
25/7/2003,1.1477
24/7/2003,1.1467
23/7/2003,1.1401
22/7/2003,1.1343
21/7/2003,1.1284
18/7/2003,1.1205
17/7/2003,1.1231
16/7/2003,1.1138
15/7/2003,1.1319
14/7/2003,1.1299
11/7/2003,1.1315
10/7/2003,1.1342
9/7/2003,1.1355
8/7/2003,1.1326
7/7/2003,1.136
4/7/2003,1.1466
3/7/2003,1.1457
2/7/2003,1.1535
1/7/2003,1.1543
30/6/2003,1.1427
27/6/2003,1.1413
26/6/2003,1.1432
25/6/2003,1.1551
24/6/2003,1.1565
23/6/2003,1.1539
20/6/2003,1.1655
19/6/2003,1.1655
18/6/2003,1.1699
17/6/2003,1.1797
16/6/2003,1.1854
13/6/2003,1.1751
12/6/2003,1.1734
11/6/2003,1.1748
10/6/2003,1.1699
9/6/2003,1.1726
6/6/2003,1.1813
5/6/2003,1.1775
4/6/2003,1.1691
3/6/2003,1.1723
2/6/2003,1.1672
30/5/2003,1.1822
29/5/2003,1.1756
28/5/2003,1.1738
27/5/2003,1.1901
26/5/2003,1.1813
23/5/2003,1.179
22/5/2003,1.172
21/5/2003,1.1689
20/5/2003,1.1644
19/5/2003,1.1652
16/5/2003,1.1492
15/5/2003,1.1458
14/5/2003,1.1499
13/5/2003,1.1518
12/5/2003,1.1597
9/5/2003,1.1466
8/5/2003,1.1435
7/5/2003,1.1427
6/5/2003,1.1344
5/5/2003,1.1218
2/5/2003,1.1239
1/5/2003,-
30/4/2003,1.1131
29/4/2003,1.0956
28/4/2003,1.1025
25/4/2003,1.0973
24/4/2003,1.1008
23/4/2003,1.0944
22/4/2003,1.0971
21/4/2003,-
18/4/2003,-
17/4/2003,1.092
16/4/2003,1.0836
15/4/2003,1.0784
14/4/2003,1.0737
11/4/2003,1.0735
10/4/2003,1.0805
9/4/2003,1.0742
8/4/2003,1.066
7/4/2003,1.0582
4/4/2003,1.072
3/4/2003,1.0702
2/4/2003,1.083
1/4/2003,1.0891
31/3/2003,1.0895
28/3/2003,1.073
27/3/2003,1.0723
26/3/2003,1.0667
25/3/2003,1.0691
24/3/2003,1.0634
21/3/2003,1.0572
20/3/2003,1.0592
19/3/2003,1.057
18/3/2003,1.0586
17/3/2003,1.0801
14/3/2003,1.0775
13/3/2003,1.0864
12/3/2003,1.1028
11/3/2003,1.108
10/3/2003,1.1042
7/3/2003,1.1039
6/3/2003,1.0963
5/3/2003,1.0966
4/3/2003,1.0919
3/3/2003,1.08
28/2/2003,1.0782
27/2/2003,1.0822
26/2/2003,1.0753
25/2/2003,1.0774
24/2/2003,1.0721
21/2/2003,1.0838
20/2/2003,1.0763
19/2/2003,1.0717
18/2/2003,1.0714
17/2/2003,1.0716
14/2/2003,1.0793
13/2/2003,1.0758
12/2/2003,1.0731
11/2/2003,1.0706
10/2/2003,1.0808
7/2/2003,1.0789
6/2/2003,1.0813
5/2/2003,1.091
4/2/2003,1.0822
3/2/2003,1.0729
31/1/2003,1.0816
30/1/2003,1.0748
29/1/2003,1.0868
28/1/2003,1.0808
27/1/2003,1.087
24/1/2003,1.0784
23/1/2003,1.0757
22/1/2003,1.0718
21/1/2003,1.0653
20/1/2003,1.0653
17/1/2003,1.0652
16/1/2003,1.0564
15/1/2003,1.0526
14/1/2003,1.0577
13/1/2003,1.0549
10/1/2003,1.0503
9/1/2003,1.0507
8/1/2003,1.0377
7/1/2003,1.0425
6/1/2003,1.0488
3/1/2003,1.0392
2/1/2003,1.0446
1/1/2003,-
31/12/2002,1.0487
30/12/2002,1.0422
27/12/2002,1.0376
26/12/2002,-
25/12/2002,-
24/12/2002,1.0296
23/12/2002,1.0282
20/12/2002,1.0255
19/12/2002,1.0273
18/12/2002,1.024
17/12/2002,1.0307
16/12/2002,1.0212
13/12/2002,1.0221
12/12/2002,1.0156
11/12/2002,1.0067
10/12/2002,1.0111
9/12/2002,1.0093
6/12/2002,1.0006
5/12/2002,0.9991
4/12/2002,1.0018
3/12/2002,0.9967
2/12/2002,0.9871
29/11/2002,0.9927
28/11/2002,0.9934
27/11/2002,0.9927
26/11/2002,0.991
25/11/2002,0.9905
22/11/2002,1.0024
21/11/2002,1.0034
20/11/2002,1.0019
19/11/2002,1.0125
18/11/2002,1.0065
15/11/2002,1.0029
14/11/2002,1.0095
13/11/2002,1.0068
12/11/2002,1.0081
11/11/2002,1.0126
8/11/2002,1.0107
7/11/2002,1.0013
6/11/2002,0.9955
5/11/2002,1.0024
4/11/2002,0.9944
1/11/2002,0.9974
31/10/2002,0.9864
30/10/2002,0.9825
29/10/2002,0.982
28/10/2002,0.9745
25/10/2002,0.9763
24/10/2002,0.9738
23/10/2002,0.9775
22/10/2002,0.9768
21/10/2002,0.9748
18/10/2002,0.9735
17/10/2002,0.9763
16/10/2002,0.9823
15/10/2002,0.981
14/10/2002,0.9873
11/10/2002,0.9857
10/10/2002,0.9875
9/10/2002,0.9814
8/10/2002,0.98
7/10/2002,0.9808
4/10/2002,0.9865
3/10/2002,0.989
2/10/2002,0.9835
1/10/2002,0.9861
30/9/2002,0.986
27/9/2002,0.9779
26/9/2002,0.9796
25/9/2002,0.9771
24/9/2002,0.9828
23/9/2002,0.9831
20/9/2002,0.979
19/9/2002,0.9814
18/9/2002,0.9725
17/9/2002,0.9649
16/9/2002,0.9683
13/9/2002,0.981
12/9/2002,0.9757
11/9/2002,0.9749
10/9/2002,0.976
9/9/2002,0.9794
6/9/2002,0.9918
5/9/2002,0.9975
4/9/2002,0.9947
3/9/2002,0.991
2/9/2002,0.9821
30/8/2002,0.9833
29/8/2002,0.9843
28/8/2002,0.9826
27/8/2002,0.9774
26/8/2002,0.9701
23/8/2002,0.9697
22/8/2002,0.977
21/8/2002,0.9762
20/8/2002,0.9792
19/8/2002,0.9799
16/8/2002,0.9825
15/8/2002,0.9777
14/8/2002,0.9857
13/8/2002,0.9799
12/8/2002,0.978
9/8/2002,0.9729
8/8/2002,0.9687
7/8/2002,0.9698
6/8/2002,0.9689
5/8/2002,0.9836
2/8/2002,0.9873
1/8/2002,0.976
31/7/2002,0.9783
30/7/2002,0.9835
29/7/2002,0.9821
26/7/2002,1.0008
25/7/2002,1.0014
24/7/2002,0.9915
23/7/2002,0.991
22/7/2002,1.0086
19/7/2002,1.0146
18/7/2002,1.0058
17/7/2002,1.0064
16/7/2002,1.0127
15/7/2002,1.0024
12/7/2002,0.9873
11/7/2002,0.9836
10/7/2002,0.9898
9/7/2002,0.993
8/7/2002,0.9828
5/7/2002,0.9725
4/7/2002,0.979
3/7/2002,0.978
2/7/2002,0.9838
1/7/2002,0.9913
28/6/2002,0.9975
27/6/2002,0.9824
26/6/2002,0.9917
25/6/2002,0.9712
24/6/2002,0.9781
21/6/2002,0.9636
20/6/2002,0.9592
19/6/2002,0.9561
18/6/2002,0.9484
17/6/2002,0.9426
14/6/2002,0.9478
13/6/2002,0.9417
12/6/2002,0.9452
11/6/2002,0.9417
10/6/2002,0.9459
7/6/2002,0.9452
6/6/2002,0.9386
5/6/2002,0.9371
4/6/2002,0.9435
3/6/2002,0.9313
31/5/2002,0.9387
30/5/2002,0.9375
29/5/2002,0.932
28/5/2002,0.9255
27/5/2002,0.919
24/5/2002,0.9188
23/5/2002,0.9213
22/5/2002,0.926
21/5/2002,0.9213
20/5/2002,0.9202
17/5/2002,0.9152
16/5/2002,0.9124
15/5/2002,0.903
14/5/2002,0.9062
13/5/2002,0.9118
10/5/2002,0.9118
9/5/2002,0.9061
8/5/2002,0.9088
7/5/2002,0.9125
6/5/2002,0.9144
3/5/2002,0.9083
2/5/2002,0.9032
1/5/2002,-
30/4/2002,0.9008
29/4/2002,0.9038
26/4/2002,0.8971
25/4/2002,0.8969
24/4/2002,0.8892
23/4/2002,0.8872
22/4/2002,0.8882
19/4/2002,0.8886
18/4/2002,0.8895
17/4/2002,0.888
16/4/2002,0.8803
15/4/2002,0.8802
12/4/2002,0.8803
11/4/2002,0.8794
10/4/2002,0.8798
9/4/2002,0.8763
8/4/2002,0.8778
5/4/2002,0.8786
4/4/2002,0.8818
3/4/2002,0.8803
2/4/2002,0.8786
1/4/2002,-
29/3/2002,-
28/3/2002,0.8724
27/3/2002,0.8746
26/3/2002,0.8737
25/3/2002,0.8759
22/3/2002,0.8795
21/3/2002,0.8817
20/3/2002,0.8814
19/3/2002,0.8829
18/3/2002,0.8792
15/3/2002,0.8853
14/3/2002,0.8803
13/3/2002,0.8734
12/3/2002,0.8733
11/3/2002,0.8741
8/3/2002,0.8797
7/3/2002,0.8764
6/3/2002,0.8712
5/3/2002,0.8682
4/3/2002,0.8649
1/3/2002,0.8679
28/2/2002,0.8651
27/2/2002,0.8649
26/2/2002,0.8682
25/2/2002,0.8724
22/2/2002,0.8747
21/2/2002,0.8701
20/2/2002,0.8743
19/2/2002,0.8692
18/2/2002,0.8715
15/2/2002,0.8705
14/2/2002,0.8693
13/2/2002,0.8731
12/2/2002,0.8753
11/2/2002,0.8794
8/2/2002,0.874
7/2/2002,0.8664
6/2/2002,0.8664
5/2/2002,0.8683
4/2/2002,0.8644
1/2/2002,0.8632
31/1/2002,0.8637
30/1/2002,0.8642
29/1/2002,0.8624
28/1/2002,0.8578
25/1/2002,0.8663
24/1/2002,0.8767
23/1/2002,0.8856
22/1/2002,0.883
21/1/2002,0.884
18/1/2002,0.881
17/1/2002,0.8819
16/1/2002,0.8817
15/1/2002,0.8922
14/1/2002,0.8927
11/1/2002,0.8919
10/1/2002,0.8909
9/1/2002,0.8921
8/1/2002,0.8909
7/1/2002,0.8905
4/1/2002,0.8954
3/1/2002,0.9036
2/1/2002,0.9038
1/1/2002,-
31/12/2001,-
28/12/2001,0.8813
27/12/2001,0.8823
26/12/2001,-
25/12/2001,-
24/12/2001,0.8798
21/12/2001,0.8943
20/12/2001,0.8973
19/12/2001,0.8983
18/12/2001,0.9012
17/12/2001,0.9049
14/12/2001,0.9016
13/12/2001,0.8975
12/12/2001,0.8938
11/12/2001,0.8908
10/12/2001,0.885
7/12/2001,0.8911
6/12/2001,0.8889
5/12/2001,0.8919
4/12/2001,0.8902
3/12/2001,0.8925
30/11/2001,0.8898
29/11/2001,0.8887
28/11/2001,0.8831
27/11/2001,0.8788
26/11/2001,0.8818
23/11/2001,0.8795
22/11/2001,0.8778
21/11/2001,0.8791
20/11/2001,0.8824
19/11/2001,0.8793
16/11/2001,0.8845
15/11/2001,0.8825
14/11/2001,0.8803
13/11/2001,0.8842
12/11/2001,0.8919
9/11/2001,0.893
8/11/2001,0.8972
7/11/2001,0.9014
6/11/2001,0.8961
5/11/2001,0.8961
2/11/2001,0.9056
1/11/2001,0.9097
31/10/2001,0.9042
30/10/2001,0.9064
29/10/2001,0.9005
26/10/2001,0.8911
25/10/2001,0.8889
24/10/2001,0.8917
23/10/2001,0.8887
22/10/2001,0.8969
19/10/2001,0.9009
18/10/2001,0.9026
17/10/2001,0.9022
16/10/2001,0.9052
15/10/2001,0.9097
12/10/2001,0.904
11/10/2001,0.9062
10/10/2001,0.9136
9/10/2001,0.9193
8/10/2001,0.9214
5/10/2001,0.9174
4/10/2001,0.9117
3/10/2001,0.9209
2/10/2001,0.9189
1/10/2001,0.9125
28/9/2001,0.9131
27/9/2001,0.9205
26/9/2001,0.9219
25/9/2001,0.9176
24/9/2001,0.9164
21/9/2001,0.92
20/9/2001,0.9259
19/9/2001,0.9258
18/9/2001,0.9256
17/9/2001,0.9269
14/9/2001,0.9219
13/9/2001,0.906
12/9/2001,0.9052
11/9/2001,0.8964
10/9/2001,0.9047
7/9/2001,0.8952
6/9/2001,0.8855
5/9/2001,0.8891
4/9/2001,0.897
3/9/2001,0.9072
31/8/2001,0.9158
30/8/2001,0.9095
29/8/2001,0.9122
28/8/2001,0.9042
27/8/2001,0.909
24/8/2001,0.9108
23/8/2001,0.9112
22/8/2001,0.9216
21/8/2001,0.9128
20/8/2001,0.9149
17/8/2001,0.9138
16/8/2001,0.9144
15/8/2001,0.9114
14/8/2001,0.8968
13/8/2001,0.8991
10/8/2001,0.8936
9/8/2001,0.8853
8/8/2001,0.8763
7/8/2001,0.8768
6/8/2001,0.8805
3/8/2001,0.8806
2/8/2001,0.8788
1/8/2001,0.8817
31/7/2001,0.8755
30/7/2001,0.8751
27/7/2001,0.8768
26/7/2001,0.8764
25/7/2001,0.8793
24/7/2001,0.8708
23/7/2001,0.8676
20/7/2001,0.8776
19/7/2001,0.8723
18/7/2001,0.863
17/7/2001,0.8516
16/7/2001,0.8583
13/7/2001,0.8539
12/7/2001,0.8538
11/7/2001,0.8611
10/7/2001,0.8545
9/7/2001,0.8459
6/7/2001,0.8384
5/7/2001,0.8422
4/7/2001,0.8453
3/7/2001,0.8497
2/7/2001,0.8455
29/6/2001,0.848
28/6/2001,0.8511
27/6/2001,0.8622
26/6/2001,0.8611
25/6/2001,0.8607
22/6/2001,0.8528
21/6/2001,0.8552
20/6/2001,0.8513
19/6/2001,0.8563
18/6/2001,0.8581
15/6/2001,0.8662
14/6/2001,0.8492
13/6/2001,0.8542
12/6/2001,0.8474
11/6/2001,0.8494
8/6/2001,0.8468
7/6/2001,0.8466
6/6/2001,0.8543
5/6/2001,0.8465
4/6/2001,0.8513
1/6/2001,0.8478
31/5/2001,0.848
30/5/2001,0.8558
29/5/2001,0.8552
28/5/2001,0.8584
25/5/2001,0.8591
24/5/2001,0.8604
23/5/2001,0.8585
22/5/2001,0.8685
21/5/2001,0.8754
18/5/2001,0.8777
17/5/2001,0.8815
16/5/2001,0.8834
15/5/2001,0.8768
14/5/2001,0.8745
11/5/2001,0.8773
10/5/2001,0.885
9/5/2001,0.8827
8/5/2001,0.8866
7/5/2001,0.8919
4/5/2001,0.8939
3/5/2001,0.8903
2/5/2001,0.8907
1/5/2001,-
30/4/2001,0.8876
27/4/2001,0.9023
26/4/2001,0.9013
25/4/2001,0.8947
24/4/2001,0.8973
23/4/2001,0.9002
20/4/2001,0.8989
19/4/2001,0.8827
18/4/2001,0.8778
17/4/2001,0.8791
16/4/2001,-
13/4/2001,-
12/4/2001,0.8849
11/4/2001,0.884
10/4/2001,0.8945
9/4/2001,0.9018
6/4/2001,0.894
5/4/2001,0.902
4/4/2001,0.9032
3/4/2001,0.8845
2/4/2001,0.8772
30/3/2001,0.8832
29/3/2001,0.884
28/3/2001,0.886
27/3/2001,0.8952
26/3/2001,0.8935
23/3/2001,0.8922
22/3/2001,0.8889
21/3/2001,0.899
20/3/2001,0.902
19/3/2001,0.8996
16/3/2001,0.8947
15/3/2001,0.9064
14/3/2001,0.9182
13/3/2001,0.9202
12/3/2001,0.9272
9/3/2001,0.9357
8/3/2001,0.9312
7/3/2001,0.9307
6/3/2001,0.9279
5/3/2001,0.9305
2/3/2001,0.9363
1/3/2001,0.9269
28/2/2001,0.9248
27/2/2001,0.9163
26/2/2001,0.9105
23/2/2001,0.9064
22/2/2001,0.9056
21/2/2001,0.9146
20/2/2001,0.907
19/2/2001,0.9213
16/2/2001,0.9113
15/2/2001,0.909
14/2/2001,0.9178
13/2/2001,0.9275
12/2/2001,0.9288
9/2/2001,0.9227
8/2/2001,0.922
7/2/2001,0.9325
6/2/2001,0.9322
5/2/2001,0.9425
2/2/2001,0.9407
1/2/2001,0.9406
31/1/2001,0.9293
30/1/2001,0.9197
29/1/2001,0.9193
26/1/2001,0.9228
25/1/2001,0.9146
24/1/2001,0.9294
23/1/2001,0.9407
22/1/2001,0.929
19/1/2001,0.94
18/1/2001,0.9404
17/1/2001,0.9396
16/1/2001,0.9412
15/1/2001,0.9428
12/1/2001,0.9545
11/1/2001,0.9523
10/1/2001,0.9412
9/1/2001,0.9401
8/1/2001,0.9497
5/1/2001,0.9545
4/1/2001,0.9458
3/1/2001,0.953
2/1/2001,0.9423
1/1/2001,-
29/12/2000,0.9305
28/12/2000,0.9285
27/12/2000,0.931
26/12/2000,-
25/12/2000,-
22/12/2000,0.924
21/12/2000,0.9146
20/12/2000,0.9059
19/12/2000,0.8903
18/12/2000,0.8966
15/12/2000,0.8984
14/12/2000,0.8839
13/12/2000,0.8748
12/12/2000,0.8782
11/12/2000,0.8804
8/12/2000,0.8895
7/12/2000,0.8943
6/12/2000,0.8828
5/12/2000,0.881
4/12/2000,0.8908
1/12/2000,0.8735
30/11/2000,0.8684
29/11/2000,0.865
28/11/2000,0.8561
27/11/2000,0.8406
24/11/2000,0.8436
23/11/2000,0.8427
22/11/2000,0.8429
21/11/2000,0.8474
20/11/2000,0.8488
17/11/2000,0.8535
16/11/2000,0.8569
15/11/2000,0.8596
14/11/2000,0.8583
13/11/2000,0.862
10/11/2000,0.8673
9/11/2000,0.8531
8/11/2000,0.8559
7/11/2000,0.8587
6/11/2000,0.8667
3/11/2000,0.873
2/11/2000,0.8646
1/11/2000,0.8554
31/10/2000,0.8417
30/10/2000,0.8482
27/10/2000,0.8324
26/10/2000,0.8252
25/10/2000,0.8307
24/10/2000,0.8386
23/10/2000,0.8377
20/10/2000,0.8452
19/10/2000,0.8411
18/10/2000,0.8525
17/10/2000,0.8496
16/10/2000,0.8511
13/10/2000,0.8627
12/10/2000,0.8648
11/10/2000,0.872
10/10/2000,0.8721
9/10/2000,0.8695
6/10/2000,0.8703
5/10/2000,0.8786
4/10/2000,0.873
3/10/2000,0.8763
2/10/2000,0.8802
29/9/2000,0.8765
28/9/2000,0.8832
27/9/2000,0.8861
26/9/2000,0.8757
25/9/2000,0.877
22/9/2000,0.889
21/9/2000,0.8524
20/9/2000,0.8476
19/9/2000,0.8541
18/9/2000,0.8526
15/9/2000,0.8615
14/9/2000,0.8693
13/9/2000,0.8654
12/9/2000,0.8614
11/9/2000,0.8609
8/9/2000,0.8735
7/9/2000,0.8676
6/9/2000,0.8818
5/9/2000,0.8886
4/9/2000,0.9
1/9/2000,0.8902
31/8/2000,0.8906
30/8/2000,0.8909
29/8/2000,0.8965
28/8/2000,0.9007
25/8/2000,0.9021
24/8/2000,0.9012
23/8/2000,0.8918
22/8/2000,0.8972
21/8/2000,0.9023
18/8/2000,0.9127
17/8/2000,0.914
16/8/2000,0.9072
15/8/2000,0.9118
14/8/2000,0.9011
11/8/2000,0.9132
10/8/2000,0.9031
9/8/2000,0.8973
8/8/2000,0.9047
7/8/2000,0.9084
4/8/2000,0.9031
3/8/2000,0.9028
2/8/2000,0.9142
1/8/2000,0.9264
31/7/2000,0.9243
28/7/2000,0.9276
27/7/2000,0.9389
26/7/2000,0.939
25/7/2000,0.941
24/7/2000,0.9332
21/7/2000,0.9363
20/7/2000,0.922
19/7/2000,0.9216
18/7/2000,0.9353
17/7/2000,0.9352
14/7/2000,0.9344
13/7/2000,0.9349
12/7/2000,0.9499
11/7/2000,0.9527
10/7/2000,0.9523
7/7/2000,0.9483
6/7/2000,0.9542
5/7/2000,0.9537
4/7/2000,0.9487
3/7/2000,0.9493
30/6/2000,0.9556
29/6/2000,0.9504
28/6/2000,0.9415
27/6/2000,0.9401
26/6/2000,0.9327
23/6/2000,0.9413
22/6/2000,0.9405
21/6/2000,0.947
20/6/2000,0.9538
19/6/2000,0.964
16/6/2000,0.9565
15/6/2000,0.9524
14/6/2000,0.9636
13/6/2000,0.9583
12/6/2000,0.9527
9/6/2000,0.949
8/6/2000,0.9668
7/6/2000,0.9554
6/6/2000,0.9485
5/6/2000,0.9433
2/6/2000,0.9355
1/6/2000,0.933
31/5/2000,0.9303
30/5/2000,0.9359
29/5/2000,0.9262
26/5/2000,0.9143
25/5/2000,0.8981
24/5/2000,0.9098
23/5/2000,0.9111
22/5/2000,0.9
19/5/2000,0.8875
18/5/2000,0.8942
17/5/2000,0.8922
16/5/2000,0.9065
15/5/2000,0.9147
12/5/2000,0.9029
11/5/2000,0.9079
10/5/2000,0.9107
9/5/2000,0.8978
8/5/2000,0.8952
5/5/2000,0.8984
4/5/2000,0.8947
3/5/2000,0.8913
2/5/2000,0.9116
1/5/2000,-
28/4/2000,0.9085
27/4/2000,0.9163
26/4/2000,0.9193
25/4/2000,0.9302
24/4/2000,-
21/4/2000,-
20/4/2000,0.9376
19/4/2000,0.9461
18/4/2000,0.9497
17/4/2000,0.9573
14/4/2000,0.954
13/4/2000,0.9537
12/4/2000,0.9576
11/4/2000,0.9594
10/4/2000,0.959
7/4/2000,0.9564
6/4/2000,0.9625
5/4/2000,0.9673
4/4/2000,0.9538
3/4/2000,0.9564
31/3/2000,0.9553
30/3/2000,0.9555
29/3/2000,0.9568
28/3/2000,0.9647
27/3/2000,0.9712
24/3/2000,0.9715
23/3/2000,0.9656
22/3/2000,0.9603
21/3/2000,0.9701
20/3/2000,0.9715
17/3/2000,0.9672
16/3/2000,0.9663
15/3/2000,0.9647
14/3/2000,0.962
13/3/2000,0.9716
10/3/2000,0.9613
9/3/2000,0.9616
8/3/2000,0.9543
7/3/2000,0.9593
6/3/2000,0.964
3/3/2000,0.9659
2/3/2000,0.9725
1/3/2000,0.9667
29/2/2000,0.9714
28/2/2000,0.9639
25/2/2000,0.9813
24/2/2000,0.9898
23/2/2000,1.0068
22/2/2000,1.0022
21/2/2000,0.9857
18/2/2000,0.9857
17/2/2000,0.9919
16/2/2000,0.9804
15/2/2000,0.9778
14/2/2000,0.9867
11/2/2000,0.9801
10/2/2000,0.9868
9/2/2000,0.9934
8/2/2000,0.9903
7/2/2000,0.9767
4/2/2000,0.9835
3/2/2000,0.9748
2/2/2000,0.9717
1/2/2000,0.971
31/1/2000,0.9791
28/1/2000,0.9848
27/1/2000,0.9976
26/1/2000,1.0019
25/1/2000,1.0008
24/1/2000,1.0027
21/1/2000,1.0097
20/1/2000,1.0089
19/1/2000,1.0105
18/1/2000,1.0093
17/1/2000,1.0094
14/1/2000,1.0225
13/1/2000,1.0276
12/1/2000,1.0308
11/1/2000,1.0256
10/1/2000,1.0229
7/1/2000,1.0284
6/1/2000,1.0388
5/1/2000,1.0368
4/1/2000,1.0305
3/1/2000,1.009
31/12/1999,-
30/12/1999,1.0046
29/12/1999,1.0072
28/12/1999,1.0089
27/12/1999,1.0134
24/12/1999,1.0142
23/12/1999,1.0089
22/12/1999,1.0074
21/12/1999,1.0084
20/12/1999,1.0096
17/12/1999,1.0128
16/12/1999,1.0146
15/12/1999,1.0021
14/12/1999,1.0038
13/12/1999,1.0128
10/12/1999,1.0141
9/12/1999,1.0175
8/12/1999,1.0236
7/12/1999,1.0239
6/12/1999,1.0182
3/12/1999,1.0015
2/12/1999,1.0057
1/12/1999,1.0091
30/11/1999,1.0097
29/11/1999,1.0077
26/11/1999,1.0101
25/11/1999,1.0194
24/11/1999,1.0215
23/11/1999,1.0315
22/11/1999,1.0311
19/11/1999,1.0279
18/11/1999,1.038
17/11/1999,1.0408
16/11/1999,1.0336
15/11/1999,1.0301
12/11/1999,1.0308
11/11/1999,1.0406
10/11/1999,1.0402
9/11/1999,1.0424
8/11/1999,1.0405
5/11/1999,1.0408
4/11/1999,1.0504
3/11/1999,1.0491
2/11/1999,1.0507
1/11/1999,1.0572
29/10/1999,1.0453
28/10/1999,1.0534
27/10/1999,1.0552
26/10/1999,1.0633
25/10/1999,1.0683
22/10/1999,1.0758
21/10/1999,1.0797
20/10/1999,1.0777
19/10/1999,1.0818
18/10/1999,1.0868
15/10/1999,1.0869
14/10/1999,1.0758
13/10/1999,1.0778
12/10/1999,1.0668
11/10/1999,1.0631
8/10/1999,1.0657
7/10/1999,1.0729
6/10/1999,1.0737
5/10/1999,1.0686
4/10/1999,1.0719
1/10/1999,1.0728
30/9/1999,1.0665
29/9/1999,1.0563
28/9/1999,1.0483
27/9/1999,1.0414
24/9/1999,1.0476
23/9/1999,1.043
22/9/1999,1.0509
21/9/1999,1.0388
20/9/1999,1.0406
17/9/1999,1.0397
16/9/1999,1.0372
15/9/1999,1.0369
14/9/1999,1.0362
13/9/1999,1.0342
10/9/1999,1.052
9/9/1999,1.0592
8/9/1999,1.0613
7/9/1999,1.0565
6/9/1999,1.0594
3/9/1999,1.0682
2/9/1999,1.0662
1/9/1999,1.0613
31/8/1999,1.0573
30/8/1999,1.0454
27/8/1999,1.045
26/8/1999,1.0452
25/8/1999,1.0433
24/8/1999,1.0512
23/8/1999,1.0606
20/8/1999,1.0667
19/8/1999,1.0517
18/8/1999,1.0517
17/8/1999,1.0527
16/8/1999,1.0553
13/8/1999,1.0667
12/8/1999,1.0638
11/8/1999,1.0668
10/8/1999,1.0737
9/8/1999,1.0705
6/8/1999,1.074
5/8/1999,1.0791
4/8/1999,1.0761
3/8/1999,1.0645
2/8/1999,1.0665
30/7/1999,1.0694
29/7/1999,1.068
28/7/1999,1.0603
27/7/1999,1.0627
26/7/1999,1.0698
23/7/1999,1.0496
22/7/1999,1.0499
21/7/1999,1.0462
20/7/1999,1.041
19/7/1999,1.0146
16/7/1999,1.0202
15/7/1999,1.0201
14/7/1999,1.0168
13/7/1999,1.0183
12/7/1999,1.0124
9/7/1999,1.0204
8/7/1999,1.0182
7/7/1999,1.0222
6/7/1999,1.0221
5/7/1999,1.0232
2/7/1999,1.0241
1/7/1999,1.0264
30/6/1999,1.0328
29/6/1999,1.0364
28/6/1999,1.0388
25/6/1999,1.0443
24/6/1999,1.0321
23/6/1999,1.028
22/6/1999,1.0313
21/6/1999,1.0339
18/6/1999,1.0388
17/6/1999,1.034
16/6/1999,1.0345
15/6/1999,1.0392
14/6/1999,1.0437
11/6/1999,1.0474
10/6/1999,1.0474
9/6/1999,1.0466
8/6/1999,1.0385
7/6/1999,1.0316
4/6/1999,1.0315
3/6/1999,1.0382
2/6/1999,1.0382
1/6/1999,1.0434
31/5/1999,1.0456
28/5/1999,1.0479
27/5/1999,1.0473
26/5/1999,1.0535
25/5/1999,1.0627
24/5/1999,1.0585
21/5/1999,1.0572
20/5/1999,1.0639
19/5/1999,1.0634
18/5/1999,1.069
17/5/1999,1.0685
14/5/1999,1.0676
13/5/1999,1.0622
12/5/1999,1.0645
11/5/1999,1.0732
10/5/1999,1.0735
7/5/1999,1.0786
6/5/1999,1.0799
5/5/1999,1.0667
4/5/1999,1.0564
3/5/1999,1.0589
30/4/1999,1.0597
29/4/1999,1.0604
28/4/1999,1.0666
27/4/1999,1.063
26/4/1999,1.0614
23/4/1999,1.0634
22/4/1999,1.0581
21/4/1999,1.0586
20/4/1999,1.0646
19/4/1999,1.0636
16/4/1999,1.0668
15/4/1999,1.0786
14/4/1999,1.0787
13/4/1999,1.0765
12/4/1999,1.0867
9/4/1999,1.0778
8/4/1999,1.0818
7/4/1999,1.0812
6/4/1999,1.0726
5/4/1999,1.0752
2/4/1999,1.0772
1/4/1999,1.0772
31/3/1999,1.0742
30/3/1999,1.0711
29/3/1999,1.0692
26/3/1999,1.0815
25/3/1999,1.0898
24/3/1999,1.0928
23/3/1999,1.0896
22/3/1999,1.0864
19/3/1999,1.0915
18/3/1999,1.1012
17/3/1999,1.0966
16/3/1999,1.0901
15/3/1999,1.0949
12/3/1999,1.0932
11/3/1999,1.0891
10/3/1999,1.0953
9/3/1999,1.0863
8/3/1999,1.0908
5/3/1999,1.0834
4/3/1999,1.0866
3/3/1999,1.0899
2/3/1999,1.0887
1/3/1999,1.0986
26/2/1999,1.1018
25/2/1999,1.1031
24/2/1999,1.1037
23/2/1999,1.0969
22/2/1999,1.0992
19/2/1999,1.1163
18/2/1999,1.1232
17/2/1999,1.1253
16/2/1999,1.1176
15/2/1999,1.1238
12/2/1999,1.1244
11/2/1999,1.1312
10/2/1999,1.1342
9/2/1999,1.1333
8/2/1999,1.1246
5/2/1999,1.1292
4/2/1999,1.1263
3/2/1999,1.1337
2/2/1999,1.1337
1/2/1999,1.1338
29/1/1999,1.1384
28/1/1999,1.141
27/1/1999,1.1529
26/1/1999,1.1582
25/1/1999,1.1584
22/1/1999,1.1567
21/1/1999,1.1572
20/1/1999,1.1575
19/1/1999,1.1616
18/1/1999,1.1612
15/1/1999,1.1626
14/1/1999,1.1653
13/1/1999,1.1744
12/1/1999,1.152
11/1/1999,1.1569
8/1/1999,1.1659
7/1/1999,1.1632
6/1/1999,1.1743
5/1/1999,1.179
4/1/1999,1.1789
